A,E,dd,hh,n,d (m),h1 (m),es.V0_1-es.V0_2 (V)
0,1,0.03125,0.00390625,8,1.8310546875E-6,5.859375E-5,-282.0893632451523
0,1,0.03125,0.0078125,8,3.662109375E-6,1.171875E-4,-348.95292609378316
0,1,0.03125,0.015625,8,7.32421875E-6,2.34375E-4,-403.2974404442831
0,1,0.03125,0.03125,8,1.46484375E-5,4.6875E-4,-432.6648166323523
0,1,0.03125,0.0625,8,2.9296875E-5,9.375E-4,-440.1474768859549
0,1,0.03125,0.125,8,5.859375E-5,0.001875,-424.0098396279725
0,1,0.03125,0.25,8,1.171875E-4,0.00375,-410.480066015589
0,1,0.03125,0.5,8,2.34375E-4,0.0075,-422.43671208032595
0,1,0.03125,1,8,4.6875E-4,0.015,-458.98757300098964
0,1,0.0625,0.00390625,8,3.662109375E-6,5.859375E-5,-284.0986769086818
0,1,0.0625,0.0078125,8,7.32421875E-6,1.171875E-4,-353.66943121408246
0,1,0.0625,0.015625,8,1.46484375E-5,2.34375E-4,-408.23017234276455
0,1,0.0625,0.03125,8,2.9296875E-5,4.6875E-4,-441.1117464289096
0,1,0.0625,0.0625,8,5.859375E-5,9.375E-4,-452.3714061245758
0,1,0.0625,0.125,8,1.171875E-4,0.001875,-446.0130014303339
0,1,0.0625,0.25,8,2.34375E-4,0.00375,-445.7921583958116
0,1,0.0625,0.5,8,4.6875E-4,0.0075,-478.94400718109955
0,1,0.0625,1,8,9.375E-4,0.015,-553.8338529817131
0,1,0.125,0.00390625,8,7.32421875E-6,5.859375E-5,-292.69627169156206
0,1,0.125,0.0078125,8,1.46484375E-5,1.171875E-4,-363.15207306581317
0,1,0.125,0.015625,8,2.9296875E-5,2.34375E-4,-419.37061788902577
0,1,0.125,0.03125,8,5.859375E-5,4.6875E-4,-456.4130096594083
0,1,0.125,0.0625,8,1.171875E-4,9.375E-4,-477.3327512324688
0,1,0.125,0.125,8,2.34375E-4,0.001875,-485.5145769315609
0,1,0.125,0.25,8,4.6875E-4,0.00375,-513.5511003222119
0,1,0.125,0.5,8,9.375E-4,0.0075,-598.3336789374634
0,1,0.125,1,8,0.001875,0.015,-754.0013338533847
0,1,0.25,0.00390625,8,1.46484375E-5,5.859375E-5,-306.8888432654903
0,1,0.25,0.0078125,8,2.9296875E-5,1.171875E-4,-378.7127388034205
0,1,0.25,0.015625,8,5.859375E-5,2.34375E-4,-439.65532934917485
0,1,0.25,0.03125,8,1.171875E-4,4.6875E-4,-485.75663071868007
0,1,0.25,0.0625,8,2.34375E-4,9.375E-4,-524.6051822601017
0,1,0.25,0.125,8,4.6875E-4,0.001875,-565.1585977004227
0,1,0.25,0.25,8,9.375E-4,0.00375,-656.1395856059174
0,1,0.25,0.5,8,0.001875,0.0075,-843.3909033598238
0,1,0.25,1,8,0.00375,0.015,-1138.9903464271051
0,1,0.5,0.00390625,8,2.9296875E-5,5.859375E-5,-332.73590905059206
0,1,0.5,0.0078125,8,5.859375E-5,1.171875E-4,-409.2303473542638
0,1,0.5,0.015625,8,1.171875E-4,2.34375E-4,-478.7647087807562
0,1,0.5,0.03125,8,2.34375E-4,4.6875E-4,-543.5061417084302
0,1,0.5,0.0625,8,4.6875E-4,9.375E-4,-613.751374785059
0,1,0.5,0.125,8,9.375E-4,0.001875,-725.9140023473726
0,1,0.5,0.25,8,0.001875,0.00375,-941.4964625784596
0,1,0.5,0.5,8,0.00375,0.0075,-1301.8343838868377
0,1,0.5,1,8,0.0075,0.015,-1772.3904741443343
0,1,1,0.00390625,8,5.859375E-5,5.859375E-5,-373.5065964558386
0,1,1,0.0078125,8,1.171875E-4,1.171875E-4,-459.77630162628844
0,1,1,0.015625,8,2.34375E-4,2.34375E-4,-547.173699857034
0,1,1,0.03125,8,4.6875E-4,4.6875E-4,-644.910645276683
0,1,1,0.0625,8,9.375E-4,9.375E-4,-792.5311373185787
0,1,1,0.125,8,0.001875,0.001875,-1042.4695595625194
0,1,1,0.25,8,0.00375,0.00375,-1464.8281905185158
0,1,1,0.5,8,0.0075,0.0075,-2040.401884057274
0,1,1,1,8,0.015,0.015,-2613.7468951653245
0,2,0.03125,0.00390625,8,1.8310546875E-6,5.859375E-5,-231.77676739763768
0,2,0.03125,0.0078125,8,3.662109375E-6,1.171875E-4,-302.9530137357734
0,2,0.03125,0.015625,8,7.32421875E-6,2.34375E-4,-362.5069795460817
0,2,0.03125,0.03125,8,1.46484375E-5,4.6875E-4,-400.73191769290395
0,2,0.03125,0.0625,8,2.9296875E-5,9.375E-4,-423.47241365710187
0,2,0.03125,0.125,8,5.859375E-5,0.001875,-426.0451638880528
0,2,0.03125,0.25,8,1.171875E-4,0.00375,-428.91109577330565
0,2,0.03125,0.5,8,2.34375E-4,0.0075,-450.6700431459301
0,2,0.03125,1,8,4.6875E-4,0.015,-498.52068079794594
0,2,0.0625,0.00390625,8,3.662109375E-6,5.859375E-5,-236.35941606406362
0,2,0.0625,0.0078125,8,7.32421875E-6,1.171875E-4,-309.77283759509913
0,2,0.0625,0.015625,8,1.46484375E-5,2.34375E-4,-371.4730016144218
0,2,0.0625,0.03125,8,2.9296875E-5,4.6875E-4,-414.0181123362619
0,2,0.0625,0.0625,8,5.859375E-5,9.375E-4,-443.8005666996551
0,2,0.0625,0.125,8,1.171875E-4,0.001875,-460.6704343033449
0,2,0.0625,0.25,8,2.34375E-4,0.00375,-479.70956359973377
0,2,0.0625,0.5,8,4.6875E-4,0.0075,-526.2607567679586
0,2,0.0625,1,8,9.375E-4,0.015,-617.0399402148389
0,2,0.125,0.00390625,8,7.32421875E-6,5.859375E-5,-248.46778024253143
0,2,0.125,0.0078125,8,1.46484375E-5,1.171875E-4,-325.21275784091534
0,2,0.125,0.015625,8,2.9296875E-5,2.34375E-4,-388.6990060800008
0,2,0.125,0.03125,8,5.859375E-5,4.6875E-4,-438.38059363582556
0,2,0.125,0.0625,8,1.171875E-4,9.375E-4,-480.2293996259192
0,2,0.125,0.125,8,2.34375E-4,0.001875,-514.9356513203138
0,2,0.125,0.25,8,4.6875E-4,0.00375,-564.7417552751554
0,2,0.125,0.5,8,9.375E-4,0.0075,-667.8741842494342
0,2,0.125,1,8,0.001875,0.015,-846.2091515096345
0,2,0.25,0.00390625,8,1.46484375E-5,5.859375E-5,-269.3510482927889
0,2,0.25,0.0078125,8,2.9296875E-5,1.171875E-4,-348.35837637335
0,2,0.25,0.015625,8,5.859375E-5,2.34375E-4,-418.1271853096746
0,2,0.25,0.03125,8,1.171875E-4,4.6875E-4,-479.6024816382162
0,2,0.25,0.0625,8,2.34375E-4,9.375E-4,-541.4563829417526
0,2,0.25,0.125,8,4.6875E-4,0.001875,-609.9878150453419
0,2,0.25,0.25,8,9.375E-4,0.00375,-725.8528712077698
0,2,0.25,0.5,8,0.001875,0.0075,-939.0670260272934
0,2,0.25,1,8,0.00375,0.015,-1262.6552901382606
0,2,0.5,0.00390625,8,2.9296875E-5,5.859375E-5,-303.7729458406616
0,2,0.5,0.0078125,8,5.859375E-5,1.171875E-4,-388.281451011879
0,2,0.5,0.015625,8,1.171875E-4,2.34375E-4,-467.53485691491176
0,2,0.5,0.03125,8,2.34375E-4,4.6875E-4,-549.0891497006787
0,2,0.5,0.0625,8,4.6875E-4,9.375E-4,-644.1717464054655
0,2,0.5,0.125,8,9.375E-4,0.001875,-785.9576490435843
0,2,0.5,0.25,8,0.001875,0.00375,-1031.4054339999361
0,2,0.5,0.5,8,0.00375,0.0075,-1424.2105299270627
0,2,0.5,1,8,0.0075,0.015,-1920.3927717942577
0,2,1,0.00390625,8,5.859375E-5,5.859375E-5,-355.8678605394555
0,2,1,0.0078125,8,1.171875E-4,1.171875E-4,-448.7951619430842
0,2,1,0.015625,8,2.34375E-4,2.34375E-4,-546.4833048356986
0,2,1,0.03125,8,4.6875E-4,4.6875E-4,-662.0515492360635
0,2,1,0.0625,8,9.375E-4,9.375E-4,-835.7744644347736
0,2,1,0.125,8,0.001875,0.001875,-1116.4578602654308
0,2,1,0.25,8,0.00375,0.00375,-1572.7654304087773
0,2,1,0.5,8,0.0075,0.0075,-2182.9893804105654
0,2,1,1,8,0.015,0.015,-2768.057711679437
0,3,0.03125,0.00390625,8,1.8310546875E-6,5.859375E-5,-197.2451525202723
0,3,0.03125,0.0078125,8,3.662109375E-6,1.171875E-4,-267.2738009265658
0,3,0.03125,0.015625,8,7.32421875E-6,2.34375E-4,-326.4963080407409
0,3,0.03125,0.03125,8,1.46484375E-5,4.6875E-4,-365.87954736553326
0,3,0.03125,0.0625,8,2.9296875E-5,9.375E-4,-395.69650280247976
0,3,0.03125,0.125,8,5.859375E-5,0.001875,-410.75204626780345
0,3,0.03125,0.25,8,1.171875E-4,0.00375,-428.2287315033773
0,3,0.03125,0.5,8,2.34375E-4,0.0075,-461.5943903469911
0,3,0.03125,1,8,4.6875E-4,0.015,-520.4937086482612
0,3,0.0625,0.00390625,8,3.662109375E-6,5.859375E-5,-203.71671370996847
0,3,0.0625,0.0078125,8,7.32421875E-6,1.171875E-4,-276.5217529024131
0,3,0.0625,0.015625,8,1.46484375E-5,2.34375E-4,-339.23088007922615
0,3,0.0625,0.03125,8,2.9296875E-5,4.6875E-4,-384.58229013452996
0,3,0.0625,0.0625,8,5.859375E-5,9.375E-4,-423.2024044223974
0,3,0.0625,0.125,8,1.171875E-4,0.001875,-454.74380816098585
0,3,0.0625,0.25,8,2.34375E-4,0.00375,-489.42493224478983
0,3,0.0625,0.5,8,4.6875E-4,0.0075,-548.9422659360278
0,3,0.0625,1,8,9.375E-4,0.015,-653.7615523196876
0,3,0.125,0.00390625,8,7.32421875E-6,5.859375E-5,-218.54944468133033
0,3,0.125,0.0078125,8,1.46484375E-5,1.171875E-4,-296.3718705662317
0,3,0.125,0.015625,8,2.9296875E-5,2.34375E-4,-362.0717960276964
0,3,0.125,0.03125,8,5.859375E-5,4.6875E-4,-416.2815098111443
0,3,0.125,0.0625,8,1.171875E-4,9.375E-4,-468.6061203111085
0,3,0.125,0.125,8,2.34375E-4,0.001875,-518.6386212324082
0,3,0.125,0.25,8,4.6875E-4,0.00375,-584.987907105852
0,3,0.125,0.5,8,9.375E-4,0.0075,-703.5303429662462
0,3,0.125,1,8,0.001875,0.015,-901.2372391248668
0,3,0.25,0.00390625,8,1.46484375E-5,5.859375E-5,-244.02352595885733
0,3,0.25,0.0078125,8,2.9296875E-5,1.171875E-4,-325.51482810886546
0,3,0.25,0.015625,8,5.859375E-5,2.34375E-4,-398.71218640731433
0,3,0.25,0.03125,8,1.171875E-4,4.6875E-4,-466.03428893410734
0,3,0.25,0.0625,8,2.34375E-4,9.375E-4,-538.9352587254539
0,3,0.25,0.125,8,4.6875E-4,0.001875,-623.3436873541491
0,3,0.25,0.25,8,9.375E-4,0.00375,-756.827551779344
0,3,0.25,0.5,8,0.001875,0.0075,-989.974751967306
0,3,0.25,1,8,0.00375,0.015,-1338.0205119088682
0,3,0.5,0.00390625,8,2.9296875E-5,5.859375E-5,-284.9806482479206
0,3,0.5,0.0078125,8,5.859375E-5,1.171875E-4,-372.7004619710466
0,3,0.5,0.015625,8,1.171875E-4,2.34375E-4,-455.7173993385321
0,3,0.5,0.03125,8,2.34375E-4,4.6875E-4,-543.8322978984372
0,3,0.5,0.0625,8,4.6875E-4,9.375E-4,-650.0622251288722
0,3,0.5,0.125,8,9.375E-4,0.001875,-808.141502512404
0,3,0.5,0.25,8,0.001875,0.00375,-1073.314216509383
0,3,0.5,0.5,8,0.00375,0.0075,-1490.6304419093112
0,3,0.5,1,8,0.0075,0.015,-2012.4110141511696
0,3,1,0.00390625,8,5.859375E-5,5.859375E-5,-344.4933678073819
0,3,1,0.0078125,8,1.171875E-4,1.171875E-4,-440.075394779263
0,3,1,0.015625,8,2.34375E-4,2.34375E-4,-541.4305006411813
0,3,1,0.03125,8,4.6875E-4,4.6875E-4,-663.6061786988496
0,3,1,0.0625,8,9.375E-4,9.375E-4,-848.7961397506607
0,3,1,0.125,8,0.001875,0.001875,-1146.1433926272077
0,3,1,0.25,8,0.00375,0.00375,-1624.0624050016534
0,3,1,0.5,8,0.0075,0.0075,-2261.059878192327
0,3,1,1,8,0.015,0.015,-2866.2519102942188
0,5,0.03125,0.00390625,8,1.8310546875E-6,5.859375E-5,-153.64347061594106
0,5,0.03125,0.0078125,8,3.662109375E-6,1.171875E-4,-218.27104902111404
0,5,0.03125,0.015625,8,7.32421875E-6,2.34375E-4,-274.56542623138597
0,5,0.03125,0.03125,8,1.46484375E-5,4.6875E-4,-313.8811800536515
0,5,0.03125,0.0625,8,2.9296875E-5,9.375E-4,-350.77933655396464
0,5,0.03125,0.125,8,5.859375E-5,0.001875,-380.87291300334954
0,5,0.03125,0.25,8,1.171875E-4,0.00375,-418.04935967397455
0,5,0.03125,0.5,8,2.34375E-4,0.0075,-469.0590963723233
0,5,0.03125,1,8,4.6875E-4,0.015,-544.968036613204
0,5,0.0625,0.00390625,8,3.662109375E-6,5.859375E-5,-162.6769458790184
0,5,0.0625,0.0078125,8,7.32421875E-6,1.171875E-4,-231.40612156223642
0,5,0.0625,0.015625,8,1.46484375E-5,2.34375E-4,-293.52262899152333
0,5,0.0625,0.03125,8,2.9296875E-5,4.6875E-4,-341.29032870242884
0,5,0.0625,0.0625,8,5.859375E-5,9.375E-4,-389.23694053578834
0,5,0.0625,0.125,8,1.171875E-4,0.001875,-437.8226938909789
0,5,0.0625,0.25,8,2.34375E-4,0.00375,-492.51227054572007
0,5,0.0625,0.5,8,4.6875E-4,0.0075,-570.5760472595059
0,5,0.0625,1,8,9.375E-4,0.015,-696.3378918970022
0,5,0.125,0.00390625,8,7.32421875E-6,5.859375E-5,-181.38005605597647
0,5,0.125,0.0078125,8,1.46484375E-5,1.171875E-4,-257.7988602171869
0,5,0.125,0.015625,8,2.9296875E-5,2.34375E-4,-325.19400867001264
0,5,0.125,0.03125,8,5.859375E-5,4.6875E-4,-383.91513100630755
0,5,0.125,0.0625,8,1.171875E-4,9.375E-4,-447.0570252346373
0,5,0.125,0.125,8,2.34375E-4,0.001875,-514.0096549209384
0,5,0.125,0.25,8,4.6875E-4,0.00375,-600.642488820464
0,5,0.125,0.5,8,9.375E-4,0.0075,-740.2900617159753
0,5,0.125,1,8,0.001875,0.015,-966.2129028634984
0,5,0.25,0.00390625,8,1.46484375E-5,5.859375E-5,-213.16105993089417
0,5,0.25,0.0078125,8,2.9296875E-5,1.171875E-4,-295.7924260194278
0,5,0.25,0.015625,8,5.859375E-5,2.34375E-4,-372.36764470404506
0,5,0.25,0.03125,8,1.171875E-4,4.6875E-4,-445.2900043570187
0,5,0.25,0.0625,8,2.34375E-4,9.375E-4,-528.9810691157527
0,5,0.25,0.125,8,4.6875E-4,0.001875,-630.2792259060801
0,5,0.25,0.25,8,9.375E-4,0.00375,-784.7504650368668
0,5,0.25,0.5,8,0.001875,0.0075,-1044.1439520141694
0,5,0.25,1,8,0.00375,0.015,-1427.9416157287399
0,5,0.5,0.00390625,8,2.9296875E-5,5.859375E-5,-262.6442947461337
0,5,0.5,0.0078125,8,5.859375E-5,1.171875E-4,-352.90195602780227
0,5,0.5,0.015625,8,1.171875E-4,2.34375E-4,-439.5921306871731
0,5,0.5,0.03125,8,2.34375E-4,4.6875E-4,-533.4943985522326
0,5,0.5,0.0625,8,4.6875E-4,9.375E-4,-650.1035149153156
0,5,0.5,0.125,8,9.375E-4,0.001875,-825.1225273301523
0,5,0.5,0.25,8,0.001875,0.00375,-1113.2204674283978
0,5,0.5,0.5,8,0.00375,0.0075,-1561.9626865434916
0,5,0.5,1,8,0.0075,0.015,-2123.383709858409
0,5,1,0.00390625,8,5.859375E-5,5.859375E-5,-331.18170626739493
0,5,1,0.0078125,8,1.171875E-4,1.171875E-4,-429.0268223509768
0,5,1,0.015625,8,2.34375E-4,2.34375E-4,-533.524434910964
0,5,1,0.03125,8,4.6875E-4,4.6875E-4,-661.1592232916574
0,5,1,0.0625,8,9.375E-4,9.375E-4,-856.8787863467205
0,5,1,0.125,8,0.001875,0.001875,-1171.2271312684454
0,5,1,0.25,8,0.00375,0.00375,-1673.6107171884432
0,5,1,0.5,8,0.0075,0.0075,-2345.1178770361776
0,5,1,1,8,0.015,0.015,-2986.607615833646
0,7,0.03125,0.00390625,8,1.8310546875E-6,5.859375E-5,-127.32684268092748
0,7,0.03125,0.0078125,8,3.662109375E-6,1.171875E-4,-186.52799920418397
0,7,0.03125,0.015625,8,7.32421875E-6,2.34375E-4,-239.92612250345113
0,7,0.03125,0.03125,8,1.46484375E-5,4.6875E-4,-279.0779189841574
0,7,0.03125,0.0625,8,2.9296875E-5,9.375E-4,-319.85795490894714
0,7,0.03125,0.125,8,5.859375E-5,0.001875,-358.86971228095274
0,7,0.03125,0.25,8,1.171875E-4,0.00375,-408.1454218527212
0,7,0.03125,0.5,8,2.34375E-4,0.0075,-470.7997798558863
0,7,0.03125,1,8,4.6875E-4,0.015,-558.4816780174135
0,7,0.0625,0.00390625,8,3.662109375E-6,5.859375E-5,-138.00566999883767
0,7,0.0625,0.0078125,8,7.32421875E-6,1.171875E-4,-202.51991614278487
0,7,0.0625,0.015625,8,1.46484375E-5,2.34375E-4,-263.5830012437556
0,7,0.0625,0.03125,8,2.9296875E-5,4.6875E-4,-312.887577792404
0,7,0.0625,0.0625,8,5.859375E-5,9.375E-4,-366.0548858333811
0,7,0.0625,0.125,8,1.171875E-4,0.001875,-424.27115485541293
0,7,0.0625,0.25,8,2.34375E-4,0.00375,-490.7490787127
0,7,0.0625,0.5,8,4.6875E-4,0.0075,-580.6986226073152
0,7,0.0625,1,8,9.375E-4,0.015,-720.7865623747033
0,7,0.125,0.00390625,8,7.32421875E-6,5.859375E-5,-159.270752957406
0,7,0.125,0.0078125,8,1.46484375E-5,1.171875E-4,-233.45226926392434
0,7,0.125,0.015625,8,2.9296875E-5,2.34375E-4,-301.6536739982755
0,7,0.125,0.03125,8,5.859375E-5,4.6875E-4,-363.0541833239797
0,7,0.125,0.0625,8,1.171875E-4,9.375E-4,-431.95952989414025
0,7,0.125,0.125,8,2.34375E-4,0.001875,-508.00808075584797
0,7,0.125,0.25,8,4.6875E-4,0.00375,-606.2590962174536
0,7,0.125,0.5,8,9.375E-4,0.0075,-759.1407085290942
0,7,0.125,1,8,0.001875,0.015,-1004.0166141744845
0,7,0.25,0.00390625,8,1.46484375E-5,5.859375E-5,-195.11864774258845
0,7,0.25,0.0078125,8,2.9296875E-5,1.171875E-4,-277.5336161351415
0,7,0.25,0.015625,8,5.859375E-5,2.34375E-4,-355.9933777740823
0,7,0.25,0.03125,8,1.171875E-4,4.6875E-4,-431.89132802482806
0,7,0.25,0.0625,8,2.34375E-4,9.375E-4,-520.9690512257274
0,7,0.25,0.125,8,4.6875E-4,0.001875,-631.0562654898124
0,7,0.25,0.25,8,9.375E-4,0.00375,-797.3499961927962
0,7,0.25,0.5,8,0.001875,0.0075,-1072.757128697188
0,7,0.25,1,8,0.00375,0.015,-1480.533535473071
0,7,0.5,0.00390625,8,2.9296875E-5,5.859375E-5,-249.87434596997076
0,7,0.5,0.0078125,8,5.859375E-5,1.171875E-4,-341.0405225393597
0,7,0.5,0.015625,8,1.171875E-4,2.34375E-4,-429.7058290325166
0,7,0.5,0.03125,8,2.34375E-4,4.6875E-4,-526.3388942793092
0,7,0.5,0.0625,8,4.6875E-4,9.375E-4,-647.8703015790633
0,7,0.5,0.125,8,9.375E-4,0.001875,-831.5559725478475
0,7,0.5,0.25,8,0.001875,0.00375,-1132.3438525977829
0,7,0.5,0.5,8,0.00375,0.0075,-1599.8300153277469
0,7,0.5,1,8,0.0075,0.015,-2188.724622766268
0,7,1,0.00390625,8,5.859375E-5,5.859375E-5,-323.691509570186
0,7,1,0.0078125,8,1.171875E-4,1.171875E-4,-422.50329555075535
0,7,1,0.015625,8,2.34375E-4,2.34375E-4,-528.4550106153755
0,7,1,0.03125,8,4.6875E-4,4.6875E-4,-658.4528183562667
0,7,1,0.0625,8,9.375E-4,9.375E-4,-859.104826495741
0,7,1,0.125,8,0.001875,0.001875,-1182.0083141762957
0,7,1,0.25,8,0.00375,0.00375,-1697.6217331744676
0,7,1,0.5,8,0.0075,0.0075,-2389.7146013619204
0,7,1,1,8,0.015,0.015,-3058.3815824488834
0,10,0.03125,0.00390625,8,1.8310546875E-6,5.859375E-5,-102.94453334999983
0,10,0.03125,0.0078125,8,3.662109375E-6,1.171875E-4,-155.57433525297333
0,10,0.03125,0.015625,8,7.32421875E-6,2.34375E-4,-205.54845249355475
0,10,0.03125,0.03125,8,1.46484375E-5,4.6875E-4,-244.75750800019586
0,10,0.03125,0.0625,8,2.9296875E-5,9.375E-4,-289.1152471248249
0,10,0.03125,0.125,8,5.859375E-5,0.001875,-336.4008747518171
0,10,0.03125,0.25,8,1.171875E-4,0.00375,-396.8429935382019
0,10,0.03125,0.5,8,2.34375E-4,0.0075,-470.70993615674524
0,10,0.03125,1,8,4.6875E-4,0.015,-570.3105948541764
0,10,0.0625,0.00390625,8,3.662109375E-6,5.859375E-5,-115.21529721632561
0,10,0.0625,0.0078125,8,7.32421875E-6,1.171875E-4,-174.6020814165508
0,10,0.0625,0.015625,8,1.46484375E-5,2.34375E-4,-234.3038511833547
0,10,0.0625,0.03125,8,2.9296875E-5,4.6875E-4,-285.359798437049
0,10,0.0625,0.0625,8,5.859375E-5,9.375E-4,-343.305362367406
0,10,0.0625,0.125,8,1.171875E-4,0.001875,-410.0565687749056
0,10,0.0625,0.25,8,2.34375E-4,0.00375,-487.1130597194096
0,10,0.0625,0.5,8,4.6875E-4,0.0075,-588.3829739474511
0,10,0.0625,1,8,9.375E-4,0.015,-742.9082113630114
0,10,0.125,0.00390625,8,7.32421875E-6,5.859375E-5,-139.0012910247951
0,10,0.125,0.0078125,8,1.46484375E-5,1.171875E-4,-210.17882961340956
0,10,0.125,0.015625,8,2.9296875E-5,2.34375E-4,-279.11211742010045
0,10,0.125,0.03125,8,5.859375E-5,4.6875E-4,-343.1787401662106
0,10,0.125,0.0625,8,1.171875E-4,9.375E-4,-417.09102315482016
0,10,0.125,0.125,8,2.34375E-4,0.001875,-500.9125629441804
0,10,0.125,0.25,8,4.6875E-4,0.00375,-609.4372853529294
0,10,0.125,0.5,8,9.375E-4,0.0075,-774.7884595847471
0,10,0.125,1,8,0.001875,0.015,-1038.4862777925082
0,10,0.25,0.00390625,8,1.46484375E-5,5.859375E-5,-178.78219143429067
0,10,0.25,0.0078125,8,2.9296875E-5,1.171875E-4,-260.44047803512046
0,10,0.25,0.015625,8,5.859375E-5,2.34375E-4,-340.65798477834653
0,10,0.25,0.03125,8,1.171875E-4,4.6875E-4,-419.218662697829
0,10,0.25,0.0625,8,2.34375E-4,9.375E-4,-512.7380400784928
0,10,0.25,0.125,8,4.6875E-4,0.001875,-630.1730023580074
0,10,0.25,0.25,8,9.375E-4,0.00375,-806.8442386994531
0,10,0.25,0.5,8,0.001875,0.0075,-1097.0517408686233
0,10,0.25,1,8,0.00375,0.015,-1528.5699924194412
0,10,0.5,0.00390625,8,2.9296875E-5,5.859375E-5,-238.4933115489094
0,10,0.5,0.0078125,8,5.859375E-5,1.171875E-4,-330.14730664225635
0,10,0.5,0.015625,8,1.171875E-4,2.34375E-4,-420.58342519954067
0,10,0.5,0.03125,8,2.34375E-4,4.6875E-4,-519.424712293691
0,10,0.5,0.0625,8,4.6875E-4,9.375E-4,-644.8564056172386
0,10,0.5,0.125,8,9.375E-4,0.001875,-835.7181596341854
0,10,0.5,0.25,8,0.001875,0.00375,-1147.513385699968
0,10,0.5,0.5,8,0.00375,0.0075,-1632.0337774482016
0,10,0.5,1,8,0.0075,0.015,-2248.62675824692
0,10,1,0.00390625,8,5.859375E-5,5.859375E-5,-317.0935102927667
0,10,1,0.0078125,8,1.171875E-4,1.171875E-4,-416.59508075064804
0,10,1,0.015625,8,2.34375E-4,2.34375E-4,-523.7075632858239
0,10,1,0.03125,8,4.6875E-4,4.6875E-4,-655.4770167515692
0,10,1,0.0625,8,9.375E-4,9.375E-4,-860.004592078426
0,10,1,0.125,8,0.001875,0.001875,-1189.9050899477795
0,10,1,0.25,8,0.00375,0.00375,-1716.7906452212605
0,10,1,0.5,8,0.0075,0.0075,-2427.558946987016
0,10,1,1,8,0.015,0.015,-3124.748839692837
0.25,1,0.03125,0.00390625,8,1.8310546875E-6,5.859375E-5,-203.20624989789695
0.25,1,0.03125,0.0078125,8,3.662109375E-6,1.171875E-4,-245.57918588904596
0.25,1,0.03125,0.015625,8,7.32421875E-6,2.34375E-4,-270.8165333478819
0.25,1,0.03125,0.03125,8,1.46484375E-5,4.6875E-4,-263.1874363942671
0.25,1,0.03125,0.0625,8,2.9296875E-5,9.375E-4,-211.29224417395963
0.25,1,0.03125,0.125,8,5.859375E-5,0.001875,-97.38116131621112
0.25,1,0.03125,0.25,8,1.171875E-4,0.00375,78.61660010462359
0.25,1,0.03125,0.5,8,2.34375E-4,0.0075,310.05620102450166
0.25,1,0.03125,1,8,4.6875E-4,0.015,573.4670071416044
0.25,1,0.0625,0.00390625,8,3.662109375E-6,5.859375E-5,-204.75816042223568
0.25,1,0.0625,0.0078125,8,7.32421875E-6,1.171875E-4,-248.67055763181924
0.25,1,0.0625,0.015625,8,1.46484375E-5,2.34375E-4,-274.4659296900203
0.25,1,0.0625,0.03125,8,2.9296875E-5,4.6875E-4,-268.53141200282295
0.25,1,0.0625,0.0625,8,5.859375E-5,9.375E-4,-219.82460544845063
0.25,1,0.0625,0.125,8,1.171875E-4,0.001875,-113.47241294633262
0.25,1,0.0625,0.25,8,2.34375E-4,0.00375,52.76389393998417
0.25,1,0.0625,0.5,8,4.6875E-4,0.0075,266.04131773618815
0.25,1,0.0625,1,8,9.375E-4,0.015,491.9276092903102
0.25,1,0.125,0.00390625,8,7.32421875E-6,5.859375E-5,-211.24423307305088
0.25,1,0.125,0.0078125,8,1.46484375E-5,1.171875E-4,-256.2353830287124
0.25,1,0.125,0.015625,8,2.9296875E-5,2.34375E-4,-282.50921012896833
0.25,1,0.125,0.03125,8,5.859375E-5,4.6875E-4,-279.8789176154629
0.25,1,0.125,0.0625,8,1.171875E-4,9.375E-4,-237.53047465130942
0.25,1,0.125,0.125,8,2.34375E-4,0.001875,-142.08895879498823
0.25,1,0.125,0.25,8,4.6875E-4,0.00375,2.3992297829983613
0.25,1,0.125,0.5,8,9.375E-4,0.0075,170.2698906860831
0.25,1,0.125,1,8,0.001875,0.015,316.96135201732193
0.25,1,0.25,0.00390625,8,1.46484375E-5,5.859375E-5,-222.36365828063367
0.25,1,0.25,0.0078125,8,2.9296875E-5,1.171875E-4,-268.02724139107795
0.25,1,0.25,0.015625,8,5.859375E-5,2.34375E-4,-297.66235552710765
0.25,1,0.25,0.03125,8,1.171875E-4,4.6875E-4,-301.6706068433341
0.25,1,0.25,0.0625,8,2.34375E-4,9.375E-4,-272.0748474208587
0.25,1,0.25,0.125,8,4.6875E-4,0.001875,-200.15285710471844
0.25,1,0.25,0.25,8,9.375E-4,0.00375,-106.39996669923798
0.25,1,0.25,0.5,8,0.001875,0.0075,-30.355801727291208
0.25,1,0.25,1,8,0.00375,0.015,-22.231370544330787
0.25,1,0.5,0.00390625,8,2.9296875E-5,5.859375E-5,-241.29566843959142
0.25,1,0.5,0.0078125,8,5.859375E-5,1.171875E-4,-290.5591845479039
0.25,1,0.5,0.015625,8,1.171875E-4,2.34375E-4,-326.39693953276833
0.25,1,0.5,0.03125,8,2.34375E-4,4.6875E-4,-343.47127344049807
0.25,1,0.5,0.0625,8,4.6875E-4,9.375E-4,-337.10001255673353
0.25,1,0.5,0.125,8,9.375E-4,0.001875,-319.98195469760617
0.25,1,0.5,0.25,8,0.001875,0.00375,-329.4309763703775
0.25,1,0.5,0.5,8,0.00375,0.0075,-409.7292424101431
0.25,1,0.5,1,8,0.0075,0.015,-578.4041468076064
0.25,1,1,0.00390625,8,5.859375E-5,5.859375E-5,-271.8735175791455
0.25,1,1,0.0078125,8,1.171875E-4,1.171875E-4,-328.1400646890909
0.25,1,1,0.015625,8,2.34375E-4,2.34375E-4,-377.01254629265
0.25,1,1,0.03125,8,4.6875E-4,4.6875E-4,-418.328508850745
0.25,1,1,0.0625,8,9.375E-4,9.375E-4,-470.3065772716391
0.25,1,1,0.125,8,0.001875,0.001875,-560.9800701439243
0.25,1,1,0.25,8,0.00375,0.00375,-743.6556546339511
0.25,1,1,0.5,8,0.0075,0.0075,-1021.3425949584475
0.25,1,1,1,8,0.015,0.015,-1306.891316401444
0.25,2,0.03125,0.00390625,8,1.8310546875E-6,5.859375E-5,-168.79995776392673
0.25,2,0.03125,0.0078125,8,3.662109375E-6,1.171875E-4,-217.61372846154285
0.25,2,0.03125,0.015625,8,7.32421875E-6,2.34375E-4,-252.95988617018136
0.25,2,0.03125,0.03125,8,1.46484375E-5,4.6875E-4,-262.6821891440478
0.25,2,0.03125,0.0625,8,2.9296875E-5,9.375E-4,-242.5910252131157
0.25,2,0.03125,0.125,8,5.859375E-5,0.001875,-173.86148925605917
0.25,2,0.03125,0.25,8,1.171875E-4,0.00375,-51.072792748928194
0.25,2,0.03125,0.5,8,2.34375E-4,0.0075,130.6458163145254
0.25,2,0.03125,1,8,4.6875E-4,0.015,359.45325169996744
0.25,2,0.0625,0.00390625,8,3.662109375E-6,5.859375E-5,-172.27414161894006
0.25,2,0.0625,0.0078125,8,7.32421875E-6,1.171875E-4,-222.7597677810316
0.25,2,0.0625,0.015625,8,1.46484375E-5,2.34375E-4,-259.7541668088187
0.25,2,0.0625,0.03125,8,2.9296875E-5,4.6875E-4,-272.7976436641864
0.25,2,0.0625,0.0625,8,5.859375E-5,9.375E-4,-258.14236123647305
0.25,2,0.0625,0.125,8,1.171875E-4,0.001875,-200.51653410333086
0.25,2,0.0625,0.25,8,2.34375E-4,0.00375,-90.21906130562024
0.25,2,0.0625,0.5,8,4.6875E-4,0.0075,70.88574489281783
0.25,2,0.0625,1,8,9.375E-4,0.015,260.00880946930215
0.25,2,0.125,0.00390625,8,7.32421875E-6,5.859375E-5,-181.37618412004662
0.25,2,0.125,0.0078125,8,1.46484375E-5,1.171875E-4,-234.44273735084852
0.25,2,0.125,0.015625,8,2.9296875E-5,2.34375E-4,-272.7739325676243
0.25,2,0.125,0.03125,8,5.859375E-5,4.6875E-4,-291.2614589403614
0.25,2,0.125,0.0625,8,1.171875E-4,9.375E-4,-285.76418113494725
0.25,2,0.125,0.125,8,2.34375E-4,0.001875,-241.51995425332706
0.25,2,0.125,0.25,8,4.6875E-4,0.00375,-155.2625130169771
0.25,2,0.125,0.5,8,9.375E-4,0.0075,-41.75215045391127
0.25,2,0.125,1,8,0.001875,0.015,65.97777269828495
0.25,2,0.25,0.00390625,8,1.46484375E-5,5.859375E-5,-197.08842463726063
0.25,2,0.25,0.0078125,8,2.9296875E-5,1.171875E-4,-251.86750929240338
0.25,2,0.25,0.015625,8,5.859375E-5,2.34375E-4,-294.9311285840253
0.25,2,0.25,0.03125,8,1.171875E-4,4.6875E-4,-322.334331405667
0.25,2,0.25,0.0625,8,2.34375E-4,9.375E-4,-331.7331045179393
0.25,2,0.25,0.125,8,4.6875E-4,0.001875,-313.0931784281742
0.25,2,0.25,0.25,8,9.375E-4,0.00375,-279.0610827689665
0.25,2,0.25,0.5,8,0.001875,0.0075,-259.5336131950533
0.25,2,0.25,1,8,0.00375,0.015,-288.217909663265
0.25,2,0.5,0.00390625,8,2.9296875E-5,5.859375E-5,-222.98933583877988
0.25,2,0.5,0.0078125,8,5.859375E-5,1.171875E-4,-281.893583291524
0.25,2,0.5,0.015625,8,1.171875E-4,2.34375E-4,-331.9685643430872
0.25,2,0.5,0.03125,8,2.34375E-4,4.6875E-4,-374.4017822007917
0.25,2,0.5,0.0625,8,4.6875E-4,9.375E-4,-408.5111185636929
0.25,2,0.5,0.125,8,9.375E-4,0.001875,-445.86093019596274
0.25,2,0.5,0.25,8,0.001875,0.00375,-515.6841481189904
0.25,2,0.5,0.5,8,0.00375,0.0075,-651.0377263388772
0.25,2,0.5,1,8,0.0075,0.015,-846.4023356583242
0.25,2,1,0.00390625,8,5.859375E-5,5.859375E-5,-262.20408451836374
0.25,2,1,0.0078125,8,1.171875E-4,1.171875E-4,-327.30670508123194
0.25,2,1,0.015625,8,2.34375E-4,2.34375E-4,-391.0915917679801
0.25,2,1,0.03125,8,4.6875E-4,4.6875E-4,-458.79979792926184
0.25,2,1,0.0625,8,9.375E-4,9.375E-4,-552.2239365748931
0.25,2,1,0.125,8,0.001875,0.001875,-696.8748013044924
0.25,2,1,0.25,8,0.00375,0.00375,-937.2521359899415
0.25,2,1,0.5,8,0.0075,0.0075,-1262.8669592913463
0.25,2,1,1,8,0.015,0.015,-1559.0359258424064
0.25,3,0.03125,0.00390625,8,1.8310546875E-6,5.859375E-5,-144.22460286731723
0.25,3,0.03125,0.0078125,8,3.662109375E-6,1.171875E-4,-193.40833437214846
0.25,3,0.03125,0.015625,8,7.32421875E-6,2.34375E-4,-231.00439647737392
0.25,3,0.03125,0.03125,8,1.46484375E-5,4.6875E-4,-246.5423353843976
0.25,3,0.03125,0.0625,8,2.9296875E-5,9.375E-4,-241.13388509876944
0.25,3,0.03125,0.125,8,5.859375E-5,0.001875,-198.2423642453871
0.25,3,0.03125,0.25,8,1.171875E-4,0.00375,-111.79230473984123
0.25,3,0.03125,0.5,8,2.34375E-4,0.0075,29.629784094356808
0.25,3,0.03125,1,8,4.6875E-4,0.015,223.6314674100235
0.25,3,0.0625,0.00390625,8,3.662109375E-6,5.859375E-5,-149.11131905819227
0.25,3,0.0625,0.0078125,8,7.32421875E-6,1.171875E-4,-200.39033137348568
0.25,3,0.0625,0.015625,8,1.46484375E-5,2.34375E-4,-240.66927344998413
0.25,3,0.0625,0.03125,8,2.9296875E-5,4.6875E-4,-260.8361324465791
0.25,3,0.0625,0.0625,8,5.859375E-5,9.375E-4,-262.30095364778396
0.25,3,0.0625,0.125,8,1.171875E-4,0.001875,-232.30688717096993
0.25,3,0.0625,0.25,8,2.34375E-4,0.00375,-159.25515327889372
0.25,3,0.0625,0.5,8,4.6875E-4,0.0075,-39.2275409788688
0.25,3,0.0625,1,8,9.375E-4,0.015,113.78745096450717
0.25,3,0.125,0.00390625,8,7.32421875E-6,5.859375E-5,-160.26878900792434
0.25,3,0.125,0.0078125,8,1.46484375E-5,1.171875E-4,-215.39423376008284
0.25,3,0.125,0.015625,8,2.9296875E-5,2.34375E-4,-257.9699647170707
0.25,3,0.125,0.03125,8,5.859375E-5,4.6875E-4,-284.96057722264175
0.25,3,0.125,0.0625,8,1.171875E-4,9.375E-4,-296.95603578068625
0.25,3,0.125,0.125,8,2.34375E-4,0.001875,-281.0283560527023
0.25,3,0.125,0.25,8,4.6875E-4,0.00375,-232.63022837560345
0.25,3,0.125,0.5,8,9.375E-4,0.0075,-161.15977290931886
0.25,3,0.125,1,8,0.001875,0.015,-91.39889188305492
0.25,3,0.25,0.00390625,8,1.46484375E-5,5.859375E-5,-179.43764397081344
0.25,3,0.25,0.0078125,8,2.9296875E-5,1.171875E-4,-237.36044517635952
0.25,3,0.25,0.015625,8,5.859375E-5,2.34375E-4,-285.63972020028206
0.25,3,0.25,0.03125,8,1.171875E-4,4.6875E-4,-322.624303490986
0.25,3,0.25,0.0625,8,2.34375E-4,9.375E-4,-350.124116147417
0.25,3,0.25,0.125,8,4.6875E-4,0.001875,-360.30972383459937
0.25,3,0.25,0.25,8,9.375E-4,0.00375,-364.4443566005096
0.25,3,0.25,0.5,8,0.001875,0.0075,-388.2717714102851
0.25,3,0.25,1,8,0.00375,0.015,-454.6630795577652
0.25,3,0.5,0.00390625,8,2.9296875E-5,5.859375E-5,-210.25437592542323
0.25,3,0.5,0.0078125,8,5.859375E-5,1.171875E-4,-272.8876146061486
0.25,3,0.5,0.015625,8,1.171875E-4,2.34375E-4,-328.5304725508142
0.25,3,0.5,0.03125,8,2.34375E-4,4.6875E-4,-381.1751722308504
0.25,3,0.5,0.0625,8,4.6875E-4,9.375E-4,-433.62851494753374
0.25,3,0.5,0.125,8,9.375E-4,0.001875,-499.9554144223018
0.25,3,0.5,0.25,8,0.001875,0.00375,-608.0642641567927
0.25,3,0.5,0.5,8,0.00375,0.0075,-786.241222270591
0.25,3,0.5,1,8,0.0075,0.015,-1014.6966519111725
0.25,3,1,0.00390625,8,5.859375E-5,5.859375E-5,-255.03110473472248
0.25,3,1,0.0078125,8,1.171875E-4,1.171875E-4,-323.51898747633686
0.25,3,1,0.015625,8,2.34375E-4,2.34375E-4,-392.8801659722574
0.25,3,1,0.03125,8,4.6875E-4,4.6875E-4,-470.96753496836664
0.25,3,1,0.0625,8,9.375E-4,9.375E-4,-582.9564295569784
0.25,3,1,0.125,8,0.001875,0.001875,-756.0847424407169
0.25,3,1,0.25,8,0.00375,0.00375,-1033.2162671040462
0.25,3,1,0.5,8,0.0075,0.0075,-1398.0685894208227
0.25,3,1,1,8,0.015,0.015,-1718.9173216708919
0.25,5,0.03125,0.00390625,8,1.8310546875E-6,5.859375E-5,-112.74883970766693
0.25,5,0.03125,0.0078125,8,3.662109375E-6,1.171875E-4,-158.98400821722595
0.25,5,0.03125,0.015625,8,7.32421875E-6,2.34375E-4,-196.66451776900382
0.25,5,0.03125,0.03125,8,1.46484375E-5,4.6875E-4,-216.82118242921553
0.25,5,0.03125,0.0625,8,2.9296875E-5,9.375E-4,-225.88415727932863
0.25,5,0.03125,0.125,8,5.859375E-5,0.001875,-211.4366462106972
0.25,5,0.03125,0.25,8,1.171875E-4,0.00375,-168.71077144868696
0.25,5,0.03125,0.5,8,2.34375E-4,0.0075,-81.67437614792857
0.25,5,0.03125,1,8,4.6875E-4,0.015,56.646853063366024
0.25,5,0.0625,0.00390625,8,3.662109375E-6,5.859375E-5,-119.5510877356997
0.25,5,0.0625,0.0078125,8,7.32421875E-6,1.171875E-4,-168.88878986887636
0.25,5,0.0625,0.015625,8,1.46484375E-5,2.34375E-4,-211.02201367760372
0.25,5,0.0625,0.03125,8,2.9296875E-5,4.6875E-4,-237.70895645014397
0.25,5,0.0625,0.0625,8,5.859375E-5,9.375E-4,-255.38600283032457
0.25,5,0.0625,0.125,8,1.171875E-4,0.001875,-255.36934733269905
0.25,5,0.0625,0.25,8,2.34375E-4,0.00375,-226.2899675068299
0.25,5,0.0625,0.5,8,4.6875E-4,0.0075,-160.95832597739505
0.25,5,0.0625,1,8,9.375E-4,0.015,-65.26714814789952
0.25,5,0.125,0.00390625,8,7.32421875E-6,5.859375E-5,-133.61516000034806
0.25,5,0.125,0.0078125,8,1.46484375E-5,1.171875E-4,-188.7974696019707
0.25,5,0.125,0.015625,8,2.9296875E-5,2.34375E-4,-234.9805604721351
0.25,5,0.125,0.03125,8,5.859375E-5,4.6875E-4,-270.0989737173737
0.25,5,0.125,0.0625,8,1.171875E-4,9.375E-4,-299.47953606835443
0.25,5,0.125,0.125,8,2.34375E-4,0.001875,-313.5149622789696
0.25,5,0.125,0.25,8,4.6875E-4,0.00375,-309.1358401856037
0.25,5,0.125,0.5,8,9.375E-4,0.0075,-293.19819572609765
0.25,5,0.125,1,8,0.001875,0.015,-283.3080630075975
0.25,5,0.25,0.00390625,8,1.46484375E-5,5.859375E-5,-157.51505208046711
0.25,5,0.25,0.0078125,8,2.9296875E-5,1.171875E-4,-217.4193261080681
0.25,5,0.25,0.015625,8,5.859375E-5,2.34375E-4,-270.5971027728306
0.25,5,0.25,0.03125,8,1.171875E-4,4.6875E-4,-316.55407703318406
0.25,5,0.25,0.0625,8,2.34375E-4,9.375E-4,-361.50239137186423
0.25,5,0.25,0.125,8,4.6875E-4,0.001875,-401.63201407891296
0.25,5,0.25,0.25,8,9.375E-4,0.00375,-449.71718224284893
0.25,5,0.25,0.5,8,0.001875,0.0075,-530.4366385006417
0.25,5,0.25,1,8,0.00375,0.015,-657.0340508719044
0.25,5,0.5,0.00390625,8,2.9296875E-5,5.859375E-5,-194.7219621992428
0.25,5,0.5,0.0078125,8,5.859375E-5,1.171875E-4,-260.4049236766183
0.25,5,0.5,0.015625,8,1.171875E-4,2.34375E-4,-321.22363310293065
0.25,5,0.5,0.03125,8,2.34375E-4,4.6875E-4,-383.0169132742177
0.25,5,0.5,0.0625,8,4.6875E-4,9.375E-4,-452.70036130994214
0.25,5,0.5,0.125,8,9.375E-4,0.001875,-548.7844677519199
0.25,5,0.5,0.25,8,0.001875,0.00375,-700.7177529022033
0.25,5,0.5,0.5,8,0.00375,0.0075,-935.0809294499257
0.25,5,0.5,1,8,0.0075,0.015,-1219.5115449365378
0.25,5,1,0.00390625,8,5.859375E-5,5.859375E-5,-246.2459713010545
0.25,5,1,0.0078125,8,1.171875E-4,1.171875E-4,-317.62428802684803
0.25,5,1,0.015625,8,2.34375E-4,2.34375E-4,-391.8065682275519
0.25,5,1,0.03125,8,4.6875E-4,4.6875E-4,-478.87471101053734
0.25,5,1,0.0625,8,9.375E-4,9.375E-4,-608.1458165461428
0.25,5,1,0.125,8,0.001875,0.001875,-810.2989080916975
0.25,5,1,0.25,8,0.00375,0.00375,-1129.3557793274888
0.25,5,1,0.5,8,0.0075,0.0075,-1546.5537986729566
0.25,5,1,1,8,0.015,0.015,-1914.811596191299
0.25,7,0.03125,0.00390625,8,1.8310546875E-6,5.859375E-5,-93.61199732967546
0.25,7,0.03125,0.0078125,8,3.662109375E-6,1.171875E-4,-136.30744954463182
0.25,7,0.03125,0.015625,8,7.32421875E-6,2.34375E-4,-172.91626782947827
0.25,7,0.03125,0.03125,8,1.46484375E-5,4.6875E-4,-195.23857800026337
0.25,7,0.03125,0.0625,8,2.9296875E-5,9.375E-4,-211.77311570347564
0.25,7,0.03125,0.125,8,5.859375E-5,0.001875,-212.88884356857636
0.25,7,0.03125,0.25,8,1.171875E-4,0.00375,-195.17722810790744
0.25,7,0.03125,0.5,8,2.34375E-4,0.0075,-141.96027536778223
0.25,7,0.03125,1,8,4.6875E-4,0.015,-43.405919484012344
0.25,7,0.0625,0.00390625,8,3.662109375E-6,5.859375E-5,-101.64406382302062
0.25,7,0.0625,0.0078125,8,7.32421875E-6,1.171875E-4,-148.35370788351105
0.25,7,0.0625,0.015625,8,1.46484375E-5,2.34375E-4,-190.79852254605782
0.25,7,0.0625,0.03125,8,2.9296875E-5,4.6875E-4,-220.9250843267702
0.25,7,0.0625,0.0625,8,5.859375E-5,9.375E-4,-247.06979295728704
0.25,7,0.0625,0.125,8,1.171875E-4,0.001875,-263.1011793275068
0.25,7,0.0625,0.25,8,2.34375E-4,0.00375,-258.7535194604385
0.25,7,0.0625,0.5,8,4.6875E-4,0.0075,-227.17464943066102
0.25,7,0.0625,1,8,9.375E-4,0.015,-172.28970341502878
0.25,7,0.125,0.00390625,8,7.32421875E-6,5.859375E-5,-117.62738019899615
0.25,7,0.125,0.0078125,8,1.46484375E-5,1.171875E-4,-171.65713216106042
0.25,7,0.125,0.015625,8,2.9296875E-5,2.34375E-4,-219.5531225369681
0.25,7,0.125,0.03125,8,5.859375E-5,4.6875E-4,-258.95903740303964
0.25,7,0.125,0.0625,8,1.171875E-4,9.375E-4,-297.19871132093647
0.25,7,0.125,0.125,8,2.34375E-4,0.001875,-326.8713313322127
0.25,7,0.125,0.25,8,4.6875E-4,0.00375,-346.97155106953994
0.25,7,0.125,0.5,8,9.375E-4,0.0075,-365.1496448750707
0.25,7,0.125,1,8,0.001875,0.015,-397.6326022942668
0.25,7,0.25,0.00390625,8,1.46484375E-5,5.859375E-5,-144.5715940864617
0.25,7,0.25,0.0078125,8,2.9296875E-5,1.171875E-4,-204.83989290307687
0.25,7,0.25,0.015625,8,5.859375E-5,2.34375E-4,-260.53843342943
0.25,7,0.25,0.03125,8,1.171875E-4,4.6875E-4,-310.992121430683
0.25,7,0.25,0.0625,8,2.34375E-4,9.375E-4,-364.5209113348146
0.25,7,0.25,0.125,8,4.6875E-4,0.001875,-420.02057154694705
0.25,7,0.25,0.25,8,9.375E-4,0.00375,-492.3968401055679
0.25,7,0.25,0.5,8,0.001875,0.0075,-607.8614146272649
0.25,7,0.25,1,8,0.00375,0.015,-777.2430749240812
0.25,7,0.5,0.00390625,8,2.9296875E-5,5.859375E-5,-185.72195353863358
0.25,7,0.5,0.0078125,8,5.859375E-5,1.171875E-4,-252.6132978066826
0.25,7,0.5,0.015625,8,1.171875E-4,2.34375E-4,-316.0302867784425
0.25,7,0.5,0.03125,8,2.34375E-4,4.6875E-4,-382.1328165916533
0.25,7,0.5,0.0625,8,4.6875E-4,9.375E-4,-460.0650657203656
0.25,7,0.5,0.125,8,9.375E-4,0.001875,-571.2900703586304
0.25,7,0.5,0.25,8,0.001875,0.00375,-747.3195029830604
0.25,7,0.5,0.5,8,0.00375,0.0075,-1015.8893657714272
0.25,7,0.5,1,8,0.0075,0.015,-1341.205435592367
0.25,7,1,0.00390625,8,5.859375E-5,5.859375E-5,-241.18664273459993
0.25,7,1,0.0078125,8,1.171875E-4,1.171875E-4,-313.829724949823
0.25,7,1,0.015625,8,2.34375E-4,2.34375E-4,-390.22856333906765
0.25,7,1,0.03125,8,4.6875E-4,4.6875E-4,-481.35137332507554
0.25,7,1,0.0625,8,9.375E-4,9.375E-4,-618.8327707237573
0.25,7,1,0.125,8,0.001875,0.001875,-835.6512433735463
0.25,7,1,0.25,8,0.00375,0.00375,-1177.636645713999
0.25,7,1,0.5,8,0.0075,0.0075,-1626.9469765931929
0.25,7,1,1,8,0.015,0.015,-2031.8294606492218
0.25,10,0.03125,0.00390625,8,1.8310546875E-6,5.859375E-5,-75.82022936967566
0.25,10,0.03125,0.0078125,8,3.662109375E-6,1.171875E-4,-114.02329861333678
0.25,10,0.03125,0.015625,8,7.32421875E-6,2.34375E-4,-148.9641875041341
0.25,10,0.03125,0.03125,8,1.46484375E-5,4.6875E-4,-173.20466046019584
0.25,10,0.03125,0.0625,8,2.9296875E-5,9.375E-4,-196.17412830411692
0.25,10,0.03125,0.125,8,5.859375E-5,0.001875,-210.92342544610761
0.25,10,0.03125,0.25,8,1.171875E-4,0.00375,-215.42064754961302
0.25,10,0.03125,0.5,8,2.34375E-4,0.0075,-193.8460128866349
0.25,10,0.03125,1,8,4.6875E-4,0.015,-136.28459207132013
0.25,10,0.0625,0.00390625,8,3.662109375E-6,5.859375E-5,-85.04186147895423
0.25,10,0.0625,0.0078125,8,7.32421875E-6,1.171875E-4,-128.341475324488
0.25,10,0.0625,0.015625,8,1.46484375E-5,2.34375E-4,-170.65937272969313
0.25,10,0.0625,0.03125,8,2.9296875E-5,4.6875E-4,-203.9571207851776
0.25,10,0.0625,0.0625,8,5.859375E-5,9.375E-4,-237.4034397954091
0.25,10,0.0625,0.125,8,1.171875E-4,0.001875,-267.1836212012681
0.25,10,0.0625,0.25,8,2.34375E-4,0.00375,-284.52906308134993
0.25,10,0.0625,0.5,8,4.6875E-4,0.0075,-284.4295134329511
0.25,10,0.0625,1,8,9.375E-4,0.015,-271.5450644195547
0.25,10,0.125,0.00390625,8,7.32421875E-6,5.859375E-5,-102.91129302731309
0.25,10,0.125,0.0078125,8,1.46484375E-5,1.171875E-4,-155.11345449074918
0.25,10,0.125,0.015625,8,2.9296875E-5,2.34375E-4,-204.44811639184118
0.25,10,0.125,0.03125,8,5.859375E-5,4.6875E-4,-247.68574266345377
0.25,10,0.125,0.0625,8,1.171875E-4,9.375E-4,-293.3593111973036
0.25,10,0.125,0.125,8,2.34375E-4,0.001875,-336.1741690335501
0.25,10,0.125,0.25,8,4.6875E-4,0.00375,-377.61089357868775
0.25,10,0.125,0.5,8,9.375E-4,0.0075,-427.53266356967487
0.25,10,0.125,1,8,0.001875,0.015,-503.43413330463204
0.25,10,0.25,0.00390625,8,1.46484375E-5,5.859375E-5,-132.79639473993794
0.25,10,0.25,0.0078125,8,2.9296875E-5,1.171875E-4,-192.91762684946735
0.25,10,0.25,0.015625,8,5.859375E-5,2.34375E-4,-250.81321726732295
0.25,10,0.25,0.03125,8,1.171875E-4,4.6875E-4,-305.07003998756215
0.25,10,0.25,0.0625,8,2.34375E-4,9.375E-4,-365.59201265480857
0.25,10,0.25,0.125,8,4.6875E-4,0.001875,-433.8635581552609
0.25,10,0.25,0.25,8,9.375E-4,0.00375,-527.3503034904912
0.25,10,0.25,0.5,8,0.001875,0.0075,-674.9931201002282
0.25,10,0.25,1,8,0.00375,0.015,-888.2603752728589
0.25,10,0.5,0.00390625,8,2.9296875E-5,5.859375E-5,-177.64906353874707
0.25,10,0.5,0.0078125,8,5.859375E-5,1.171875E-4,-245.3212534237561
0.25,10,0.5,0.015625,8,1.171875E-4,2.34375E-4,-310.9426269885722
0.25,10,0.5,0.03125,8,2.34375E-4,4.6875E-4,-380.49347122567553
0.25,10,0.5,0.0625,8,4.6875E-4,9.375E-4,-465.01261933098954
0.25,10,0.5,0.125,8,9.375E-4,0.001875,-588.755242504478
0.25,10,0.5,0.25,8,0.001875,0.00375,-785.6446489980135
0.25,10,0.5,0.5,8,0.00375,0.0075,-1085.7901708200354
0.25,10,0.5,1,8,0.0075,0.015,-1453.6099955290545
0.25,10,1,0.00390625,8,5.859375E-5,5.859375E-5,-236.68047574413362
0.25,10,1,0.0078125,8,1.171875E-4,1.171875E-4,-310.2603298467757
0.25,10,1,0.015625,8,2.34375E-4,2.34375E-4,-388.4076265041649
0.25,10,1,0.03125,8,4.6875E-4,4.6875E-4,-482.66065756080184
0.25,10,1,0.0625,8,9.375E-4,9.375E-4,-626.6644624722724
0.25,10,1,0.125,8,0.001875,0.001875,-855.5441737625558
0.25,10,1,0.25,8,0.00375,0.00375,-1217.2801357712806
0.25,10,1,0.5,8,0.0075,0.0075,-1696.3282187289647
0.25,10,1,1,8,0.015,0.015,-2140.311234073844
0.5,1,0.03125,0.00390625,8,1.8310546875E-6,5.859375E-5,-124.32313655064178
0.5,1,0.03125,0.0078125,8,3.662109375E-6,1.171875E-4,-142.20544568430984
0.5,1,0.03125,0.015625,8,7.32421875E-6,2.34375E-4,-138.33562625148073
0.5,1,0.03125,0.03125,8,1.46484375E-5,4.6875E-4,-92.75622848988752
0.5,1,0.03125,0.0625,8,2.9296875E-5,9.375E-4,17.878750325367733
0.5,1,0.03125,0.125,8,5.859375E-5,0.001875,229.12690616232027
0.5,1,0.03125,0.25,8,1.171875E-4,0.00375,567.7132662248343
0.5,1,0.03125,0.5,8,2.34375E-4,0.0075,1042.5491141293285
0.5,1,0.03125,1,8,4.6875E-4,0.015,1605.9215872842342
0.5,1,0.0625,0.00390625,8,3.662109375E-6,5.859375E-5,-125.41764393578866
0.5,1,0.0625,0.0078125,8,7.32421875E-6,1.171875E-4,-144.25030685045223
0.5,1,0.0625,0.015625,8,1.46484375E-5,2.34375E-4,-140.70168703727637
0.5,1,0.0625,0.03125,8,2.9296875E-5,4.6875E-4,-96.09318978412485
0.5,1,0.0625,0.0625,8,5.859375E-5,9.375E-4,12.651891834188774
0.5,1,0.0625,0.125,8,1.171875E-4,0.001875,219.0681755376684
0.5,1,0.0625,0.25,8,2.34375E-4,0.00375,551.3199462757796
0.5,1,0.0625,0.5,8,4.6875E-4,0.0075,1011.0609936780083
0.5,1,0.0625,1,8,9.375E-4,0.015,1537.6890715623372
0.5,1,0.125,0.00390625,8,7.32421875E-6,5.859375E-5,-129.7083831875477
0.5,1,0.125,0.0078125,8,1.46484375E-5,1.171875E-4,-149.35167863299674
0.5,1,0.125,0.015625,8,2.9296875E-5,2.34375E-4,-145.91516470888646
0.5,1,0.125,0.03125,8,5.859375E-5,4.6875E-4,-103.24555017423123
0.5,1,0.125,0.0625,8,1.171875E-4,9.375E-4,1.769322713665602
0.5,1,0.125,0.125,8,2.34375E-4,0.001875,201.79892831982448
0.5,1,0.125,0.25,8,4.6875E-4,0.00375,518.359574839254
0.5,1,0.125,0.5,8,9.375E-4,0.0075,939.1728473722698
0.5,1,0.125,1,8,0.001875,0.015,1387.9240378880243
0.5,1,0.25,0.00390625,8,1.46484375E-5,5.859375E-5,-137.10945576625545
0.5,1,0.25,0.0078125,8,2.9296875E-5,1.171875E-4,-157.10180014808256
0.5,1,0.25,0.015625,8,5.859375E-5,2.34375E-4,-155.66938170504142
0.5,1,0.25,0.03125,8,1.171875E-4,4.6875E-4,-117.06207101185228
0.5,1,0.25,0.0625,8,2.34375E-4,9.375E-4,-19.544512581615734
0.5,1,0.25,0.125,8,4.6875E-4,0.001875,165.0464027616366
0.5,1,0.25,0.25,8,9.375E-4,0.00375,443.15268044611696
0.5,1,0.25,0.5,8,0.001875,0.0075,783.0185653905545
0.5,1,0.25,1,8,0.00375,0.015,1094.5276053384398
0.5,1,0.5,0.00390625,8,2.9296875E-5,5.859375E-5,-149.7375799506789
0.5,1,0.5,0.0078125,8,5.859375E-5,1.171875E-4,-171.94542077830607
0.5,1,0.5,0.015625,8,1.171875E-4,2.34375E-4,-174.04610532432554
0.5,1,0.5,0.03125,8,2.34375E-4,4.6875E-4,-143.60138438211732
0.5,1,0.5,0.0625,8,4.6875E-4,9.375E-4,-60.49972972860448
0.5,1,0.5,0.125,8,9.375E-4,0.001875,85.95009295215895
0.5,1,0.5,0.25,8,0.001875,0.00375,282.7402195323074
0.5,1,0.5,0.5,8,0.00375,0.0075,482.5132365677419
0.5,1,0.5,1,8,0.0075,0.015,615.5821805291241
0.5,1,1,0.00390625,8,5.859375E-5,5.859375E-5,-170.24043870245214
0.5,1,1,0.0078125,8,1.171875E-4,1.171875E-4,-196.63796025046844
0.5,1,1,0.015625,8,2.34375E-4,2.34375E-4,-206.8639323767893
0.5,1,1,0.03125,8,4.6875E-4,4.6875E-4,-191.6421066839098
0.5,1,1,0.0625,8,9.375E-4,9.375E-4,-147.75602349109045
0.5,1,1,0.125,8,0.001875,0.001875,-79.49058072533006
0.5,1,1,0.25,8,0.00375,0.00375,-22.362637855344303
0.5,1,1,0.5,8,0.0075,0.0075,-2.082383446758854
0.5,1,1,1,8,0.015,0.015,-0.035737637568558966
0.5,2,0.03125,0.00390625,8,1.8310546875E-6,5.859375E-5,-105.82314813021537
0.5,2,0.03125,0.0078125,8,3.662109375E-6,1.171875E-4,-132.27444318731185
0.5,2,0.03125,0.015625,8,7.32421875E-6,2.34375E-4,-143.41279279428
0.5,2,0.03125,0.03125,8,1.46484375E-5,4.6875E-4,-124.63246059519142
0.5,2,0.03125,0.0625,8,2.9296875E-5,9.375E-4,-61.70963676913104
0.5,2,0.03125,0.125,8,5.859375E-5,0.001875,78.32218537593502
0.5,2,0.03125,0.25,8,1.171875E-4,0.00375,326.76551027545435
0.5,2,0.03125,0.5,8,2.34375E-4,0.0075,711.9616757749835
0.5,2,0.03125,1,8,4.6875E-4,0.015,1217.4271841978887
0.5,2,0.0625,0.00390625,8,3.662109375E-6,5.859375E-5,-108.18886717381588
0.5,2,0.0625,0.0078125,8,7.32421875E-6,1.171875E-4,-135.7466979669643
0.5,2,0.0625,0.015625,8,1.46484375E-5,2.34375E-4,-148.03533200321436
0.5,2,0.0625,0.03125,8,2.9296875E-5,4.6875E-4,-131.57717499211046
0.5,2,0.0625,0.0625,8,5.859375E-5,9.375E-4,-72.48415577328936
0.5,2,0.0625,0.125,8,1.171875E-4,0.001875,59.637366096684474
0.5,2,0.0625,0.25,8,2.34375E-4,0.00375,299.2714409884923
0.5,2,0.0625,0.5,8,4.6875E-4,0.0075,668.0322465535959
0.5,2,0.0625,1,8,9.375E-4,0.015,1137.0575591534434
0.5,2,0.125,0.00390625,8,7.32421875E-6,5.859375E-5,-114.28458799756241
0.5,2,0.125,0.0078125,8,1.46484375E-5,1.171875E-4,-143.67271686078107
0.5,2,0.125,0.015625,8,2.9296875E-5,2.34375E-4,-156.8488590552456
0.5,2,0.125,0.03125,8,5.859375E-5,4.6875E-4,-144.14232424489722
0.5,2,0.125,0.0625,8,1.171875E-4,9.375E-4,-91.2989626439748
0.5,2,0.125,0.125,8,2.34375E-4,0.001875,31.895742813657705
0.5,2,0.125,0.25,8,4.6875E-4,0.00375,254.21672924120332
0.5,2,0.125,0.5,8,9.375E-4,0.0075,584.3698833416089
0.5,2,0.125,1,8,0.001875,0.015,978.1646969062106
0.5,2,0.25,0.00390625,8,1.46484375E-5,5.859375E-5,-124.82580098173247
0.5,2,0.25,0.0078125,8,2.9296875E-5,1.171875E-4,-155.37664221145775
0.5,2,0.25,0.015625,8,5.859375E-5,2.34375E-4,-171.73507185837704
0.5,2,0.25,0.03125,8,1.171875E-4,4.6875E-4,-165.0661811731173
0.5,2,0.25,0.0625,8,2.34375E-4,9.375E-4,-122.00982609412446
0.5,2,0.25,0.125,8,4.6875E-4,0.001875,-16.19854181100716
0.5,2,0.25,0.25,8,9.375E-4,0.00375,167.73070566983728
0.5,2,0.25,0.5,8,0.001875,0.0075,419.9997996371867
0.5,2,0.25,1,8,0.00375,0.015,686.2194708117283
0.5,2,0.5,0.00390625,8,2.9296875E-5,5.859375E-5,-142.20572583689753
0.5,2,0.5,0.0078125,8,5.859375E-5,1.171875E-4,-175.50571557116706
0.5,2,0.5,0.015625,8,1.171875E-4,2.34375E-4,-196.40227177126235
0.5,2,0.5,0.03125,8,2.34375E-4,4.6875E-4,-199.71441470090434
0.5,2,0.5,0.0625,8,4.6875E-4,9.375E-4,-172.85049072192209
0.5,2,0.5,0.125,8,9.375E-4,0.001875,-105.76421134834172
0.5,2,0.5,0.25,8,0.001875,0.00375,0.037137761953573545
0.5,2,0.5,0.5,8,0.00375,0.0075,122.13507724932356
0.5,2,0.5,1,8,0.0075,0.015,227.5881004776009
0.5,2,1,0.00390625,8,5.859375E-5,5.859375E-5,-168.54030849727275
0.5,2,1,0.0078125,8,1.171875E-4,1.171875E-4,-205.81824821937903
0.5,2,1,0.015625,8,2.34375E-4,2.34375E-4,-235.69987870026355
0.5,2,1,0.03125,8,4.6875E-4,4.6875E-4,-255.5480466224596
0.5,2,1,0.0625,8,9.375E-4,9.375E-4,-268.6734087150102
0.5,2,1,0.125,8,0.001875,0.001875,-277.29174234355105
0.5,2,1,0.25,8,0.00375,0.00375,-301.7388415711041
0.5,2,1,0.5,8,0.0075,0.0075,-342.74453817213043
0.5,2,1,1,8,0.015,0.015,-350.0141400053815
0.5,3,0.03125,0.00390625,8,1.8310546875E-6,5.859375E-5,-91.20405321436162
0.5,3,0.03125,0.0078125,8,3.662109375E-6,1.171875E-4,-119.54286781773087
0.5,3,0.03125,0.015625,8,7.32421875E-6,2.34375E-4,-135.51248491400708
0.5,3,0.03125,0.03125,8,1.46484375E-5,4.6875E-4,-127.20512340326187
0.5,3,0.03125,0.0625,8,2.9296875E-5,9.375E-4,-86.57126739505836
0.5,3,0.03125,0.125,8,5.859375E-5,0.001875,14.26731777702905
0.5,3,0.03125,0.25,8,1.171875E-4,0.00375,204.64412202369556
0.5,3,0.03125,0.5,8,2.34375E-4,0.0075,520.8539585357067
0.5,3,0.03125,1,8,4.6875E-4,0.015,967.7566434683083
0.5,3,0.0625,0.00390625,8,3.662109375E-6,5.859375E-5,-94.50592440641626
0.5,3,0.0625,0.0078125,8,7.32421875E-6,1.171875E-4,-124.25890984455827
0.5,3,0.0625,0.015625,8,1.46484375E-5,2.34375E-4,-142.10766682074268
0.5,3,0.0625,0.03125,8,2.9296875E-5,4.6875E-4,-137.089974758629
0.5,3,0.0625,0.0625,8,5.859375E-5,9.375E-4,-101.39950287316914
0.5,3,0.0625,0.125,8,1.171875E-4,0.001875,-9.869966180954961
0.5,3,0.0625,0.25,8,2.34375E-4,0.00375,170.91462568700348
0.5,3,0.0625,0.5,8,4.6875E-4,0.0075,470.48718397828907
0.5,3,0.0625,1,8,9.375E-4,0.015,881.3364542487054
0.5,3,0.125,0.00390625,8,7.32421875E-6,5.859375E-5,-101.98813333451766
0.5,3,0.125,0.0078125,8,1.46484375E-5,1.171875E-4,-134.41659695393375
0.5,3,0.125,0.015625,8,2.9296875E-5,2.34375E-4,-153.8681334064452
0.5,3,0.125,0.03125,8,5.859375E-5,4.6875E-4,-153.63964463414013
0.5,3,0.125,0.0625,8,1.171875E-4,9.375E-4,-125.30595125026468
0.5,3,0.125,0.125,8,2.34375E-4,0.001875,-43.41809087299636
0.5,3,0.125,0.25,8,4.6875E-4,0.00375,119.72745035464436
0.5,3,0.125,0.5,8,9.375E-4,0.0075,381.21079714760685
0.5,3,0.125,1,8,0.001875,0.015,718.4394553587551
0.5,3,0.25,0.00390625,8,1.46484375E-5,5.859375E-5,-114.85176198276895
0.5,3,0.25,0.0078125,8,2.9296875E-5,1.171875E-4,-149.2060622438538
0.5,3,0.25,0.015625,8,5.859375E-5,2.34375E-4,-172.5672539932498
0.5,3,0.25,0.03125,8,1.171875E-4,4.6875E-4,-179.21431804786715
0.5,3,0.25,0.0625,8,2.34375E-4,9.375E-4,-161.31297356938026
0.5,3,0.25,0.125,8,4.6875E-4,0.001875,-97.27576031504934
0.5,3,0.25,0.25,8,9.375E-4,0.00375,27.938838578323683
0.5,3,0.25,0.5,8,0.001875,0.0075,213.43120914673392
0.5,3,0.25,1,8,0.00375,0.015,428.6943527933383
0.5,3,0.5,0.00390625,8,2.9296875E-5,5.859375E-5,-135.52810360292648
0.5,3,0.5,0.0078125,8,5.859375E-5,1.171875E-4,-173.07476724124933
0.5,3,0.5,0.015625,8,1.171875E-4,2.34375E-4,-201.34354576309667
0.5,3,0.5,0.03125,8,2.34375E-4,4.6875E-4,-218.5180465632647
0.5,3,0.5,0.0625,8,4.6875E-4,9.375E-4,-217.19480476619768
0.5,3,0.5,0.125,8,9.375E-4,0.001875,-191.76932633219985
0.5,3,0.5,0.25,8,0.001875,0.00375,-142.81431180420097
0.5,3,0.5,0.5,8,0.00375,0.0075,-81.85200263186923
0.5,3,0.5,1,8,0.0075,0.015,-16.982289671171543
0.5,3,1,0.00390625,8,5.859375E-5,5.859375E-5,-165.56884166206356
0.5,3,1,0.0078125,8,1.171875E-4,1.171875E-4,-206.96258017341137
0.5,3,1,0.015625,8,2.34375E-4,2.34375E-4,-244.3298313033338
0.5,3,1,0.03125,8,4.6875E-4,4.6875E-4,-278.3288912378839
0.5,3,1,0.0625,8,9.375E-4,9.375E-4,-317.116719363296
0.5,3,1,0.125,8,0.001875,0.001875,-366.0260922542252
0.5,3,1,0.25,8,0.00375,0.00375,-442.3701292064463
0.5,3,1,0.5,8,0.0075,0.0075,-535.0773006493226
0.5,3,1,1,8,0.015,0.015,-571.5827330475904
0.5,5,0.03125,0.00390625,8,1.8310546875E-6,5.859375E-5,-71.85420879939292
0.5,5,0.03125,0.0078125,8,3.662109375E-6,1.171875E-4,-99.69696741333715
0.5,5,0.03125,0.015625,8,7.32421875E-6,2.34375E-4,-118.76360930661988
0.5,5,0.03125,0.03125,8,1.46484375E-5,4.6875E-4,-119.76118480477967
0.5,5,0.03125,0.0625,8,2.9296875E-5,9.375E-4,-100.98897800469207
0.5,5,0.03125,0.125,8,5.859375E-5,0.001875,-42.00037941804305
0.5,5,0.03125,0.25,8,1.171875E-4,0.00375,80.62781677659822
0.5,5,0.03125,0.5,8,2.34375E-4,0.0075,305.7103440764681
0.5,5,0.03125,1,8,4.6875E-4,0.015,658.2617427399377
0.5,5,0.0625,0.00390625,8,3.662109375E-6,5.859375E-5,-76.42522959238089
0.5,5,0.0625,0.0078125,8,7.32421875E-6,1.171875E-4,-106.37145817551624
0.5,5,0.0625,0.015625,8,1.46484375E-5,2.34375E-4,-128.52139836368463
0.5,5,0.0625,0.03125,8,2.9296875E-5,4.6875E-4,-134.12758419785942
0.5,5,0.0625,0.0625,8,5.859375E-5,9.375E-4,-121.53506512486078
0.5,5,0.0625,0.125,8,1.171875E-4,0.001875,-72.91600077441657
0.5,5,0.0625,0.25,8,2.34375E-4,0.00375,39.93233553205958
0.5,5,0.0625,0.5,8,4.6875E-4,0.0075,248.65939530471667
0.5,5,0.0625,1,8,9.375E-4,0.015,565.8035956012077
0.5,5,0.125,0.00390625,8,7.32421875E-6,5.859375E-5,-85.85026394472071
0.5,5,0.125,0.0078125,8,1.46484375E-5,1.171875E-4,-119.79607898675468
0.5,5,0.125,0.015625,8,2.9296875E-5,2.34375E-4,-144.7671122742583
0.5,5,0.125,0.03125,8,5.859375E-5,4.6875E-4,-156.28281642844019
0.5,5,0.125,0.0625,8,1.171875E-4,9.375E-4,-151.90204690207293
0.5,5,0.125,0.125,8,2.34375E-4,0.001875,-113.02026963699774
0.5,5,0.125,0.25,8,4.6875E-4,0.00375,-17.629191550742235
0.5,5,0.125,0.5,8,9.375E-4,0.0075,153.89367026377965
0.5,5,0.125,1,8,0.001875,0.015,399.59677684830564
0.5,5,0.25,0.00390625,8,1.46484375E-5,5.859375E-5,-101.86904423004032
0.5,5,0.25,0.0078125,8,2.9296875E-5,1.171875E-4,-139.04622619670897
0.5,5,0.25,0.015625,8,5.859375E-5,2.34375E-4,-168.82656084161556
0.5,5,0.25,0.03125,8,1.171875E-4,4.6875E-4,-187.81814970935028
0.5,5,0.25,0.0625,8,2.34375E-4,9.375E-4,-194.02371362797535
0.5,5,0.25,0.125,8,4.6875E-4,0.001875,-172.9848022517491
0.5,5,0.25,0.25,8,9.375E-4,0.00375,-114.68389944883026
0.5,5,0.25,0.5,8,0.001875,0.0075,-16.729324987113387
0.5,5,0.25,1,8,0.00375,0.015,113.87351398493416
0.5,5,0.5,0.00390625,8,2.9296875E-5,5.859375E-5,-126.7996296523529
0.5,5,0.5,0.0078125,8,5.859375E-5,1.171875E-4,-167.9078913254345
0.5,5,0.5,0.015625,8,1.171875E-4,2.34375E-4,-202.85513551868786
0.5,5,0.5,0.03125,8,2.34375E-4,4.6875E-4,-232.53942799620174
0.5,5,0.5,0.0625,8,4.6875E-4,9.375E-4,-255.2972077045651
0.5,5,0.5,0.125,8,9.375E-4,0.001875,-272.4464081736887
0.5,5,0.5,0.25,8,0.001875,0.00375,-288.2150383760121
0.5,5,0.5,0.5,8,0.00375,0.0075,-308.1991723563641
0.5,5,0.5,1,8,0.0075,0.015,-315.6393800146709
0.5,5,1,0.00390625,8,5.859375E-5,5.859375E-5,-161.3102363347072
0.5,5,1,0.0078125,8,1.171875E-4,1.171875E-4,-206.22175370271677
0.5,5,1,0.015625,8,2.34375E-4,2.34375E-4,-250.0887015441408
0.5,5,1,0.03125,8,4.6875E-4,4.6875E-4,-296.5901987294172
0.5,5,1,0.0625,8,9.375E-4,9.375E-4,-359.4128467455673
0.5,5,1,0.125,8,0.001875,0.001875,-449.3706849149431
0.5,5,1,0.25,8,0.00375,0.00375,-585.1008414665363
0.5,5,1,0.5,8,0.0075,0.0075,-747.9897203097287
0.5,5,1,1,8,0.015,0.015,-843.0155765489582
0.5,7,0.03125,0.00390625,8,1.8310546875E-6,5.859375E-5,-59.897151978423565
0.5,7,0.03125,0.0078125,8,3.662109375E-6,1.171875E-4,-86.08689988507982
0.5,7,0.03125,0.015625,8,7.32421875E-6,2.34375E-4,-105.90641315550639
0.5,7,0.03125,0.03125,8,1.46484375E-5,4.6875E-4,-111.3992370163687
0.5,7,0.03125,0.0625,8,2.9296875E-5,9.375E-4,-103.68827649800453
0.5,7,0.03125,0.125,8,5.859375E-5,0.001875,-66.90797485620081
0.5,7,0.03125,0.25,8,1.171875E-4,0.00375,17.790965636905923
0.5,7,0.03125,0.5,8,2.34375E-4,0.0075,186.87922912032028
0.5,7,0.03125,1,8,4.6875E-4,0.015,471.669839049392
0.5,7,0.0625,0.00390625,8,3.662109375E-6,5.859375E-5,-65.28245764720302
0.5,7,0.0625,0.0078125,8,7.32421875E-6,1.171875E-4,-94.18749962423735
0.5,7,0.0625,0.015625,8,1.46484375E-5,2.34375E-4,-118.01404384835928
0.5,7,0.0625,0.03125,8,2.9296875E-5,4.6875E-4,-128.96259086113548
0.5,7,0.0625,0.0625,8,5.859375E-5,9.375E-4,-128.08470008119312
0.5,7,0.0625,0.125,8,1.171875E-4,0.001875,-101.93120379959929
0.5,7,0.0625,0.25,8,2.34375E-4,0.00375,-26.757960208175334
0.5,7,0.0625,0.5,8,4.6875E-4,0.0075,126.3493237459933
0.5,7,0.0625,1,8,9.375E-4,0.015,376.2071555446459
0.5,7,0.125,0.00390625,8,7.32421875E-6,5.859375E-5,-75.98400744058613
0.5,7,0.125,0.0078125,8,1.46484375E-5,1.171875E-4,-109.86199505819708
0.5,7,0.125,0.015625,8,2.9296875E-5,2.34375E-4,-137.45257107566115
0.5,7,0.125,0.03125,8,5.859375E-5,4.6875E-4,-154.86389148210193
0.5,7,0.125,0.0625,8,1.171875E-4,9.375E-4,-162.43789274772956
0.5,7,0.125,0.125,8,2.34375E-4,0.001875,-145.7345819085748
0.5,7,0.125,0.25,8,4.6875E-4,0.00375,-87.6840059216261
0.5,7,0.125,0.5,8,9.375E-4,0.0075,28.841418778954306
0.5,7,0.125,1,8,0.001875,0.015,208.75140958595912
0.5,7,0.25,0.00390625,8,1.46484375E-5,5.859375E-5,-94.0245404303347
0.5,7,0.25,0.0078125,8,2.9296875E-5,1.171875E-4,-132.1461696710066
0.5,7,0.25,0.015625,8,5.859375E-5,2.34375E-4,-165.08348908477888
0.5,7,0.25,0.03125,8,1.171875E-4,4.6875E-4,-190.09291483654005
0.5,7,0.25,0.0625,8,2.34375E-4,9.375E-4,-208.07277144390184
0.5,7,0.25,0.125,8,4.6875E-4,0.001875,-208.98487760407957
0.5,7,0.25,0.25,8,9.375E-4,0.00375,-187.4436840183394
0.5,7,0.25,0.5,8,0.001875,0.0075,-142.96570055734156
0.5,7,0.25,1,8,0.00375,0.015,-73.95261437509623
0.5,7,0.5,0.00390625,8,2.9296875E-5,5.859375E-5,-121.56956110729556
0.5,7,0.5,0.0078125,8,5.859375E-5,1.171875E-4,-164.18607307400524
0.5,7,0.5,0.015625,8,1.171875E-4,2.34375E-4,-202.35474452436654
0.5,7,0.5,0.03125,8,2.34375E-4,4.6875E-4,-237.92673890399834
0.5,7,0.5,0.0625,8,4.6875E-4,9.375E-4,-272.2598298616659
0.5,7,0.5,0.125,8,9.375E-4,0.001875,-311.024168169413
0.5,7,0.5,0.25,8,0.001875,0.00375,-362.2951533683403
0.5,7,0.5,0.5,8,0.00375,0.0075,-431.94871621511226
0.5,7,0.5,1,8,0.0075,0.015,-493.686248418466
0.5,7,1,0.00390625,8,5.859375E-5,5.859375E-5,-158.681775899015
0.5,7,1,0.0078125,8,1.171875E-4,1.171875E-4,-205.1561543488894
0.5,7,1,0.015625,8,2.34375E-4,2.34375E-4,-252.0021160627586
0.5,7,1,0.03125,8,4.6875E-4,4.6875E-4,-304.2499282938866
0.5,7,1,0.0625,8,9.375E-4,9.375E-4,-378.56071495178014
0.5,7,1,0.125,8,0.001875,0.001875,-489.2941725708015
0.5,7,1,0.25,8,0.00375,0.00375,-657.6515582535293
0.5,7,1,0.5,8,0.0075,0.0075,-864.1793518244706
0.5,7,1,1,8,0.015,0.015,-1005.2773388495671
0.5,10,0.03125,0.00390625,8,1.8310546875E-6,5.859375E-5,-48.69592538935141
0.5,10,0.03125,0.0078125,8,3.662109375E-6,1.171875E-4,-72.47226197370085
0.5,10,0.03125,0.015625,8,7.32421875E-6,2.34375E-4,-92.37992251471272
0.5,10,0.03125,0.03125,8,1.46484375E-5,4.6875E-4,-101.65181292019585
0.5,10,0.03125,0.0625,8,2.9296875E-5,9.375E-4,-103.23300948340697
0.5,10,0.03125,0.125,8,5.859375E-5,0.001875,-85.44597614039829
0.5,10,0.03125,0.25,8,1.171875E-4,0.00375,-33.998301561023055
0.5,10,0.03125,0.5,8,2.34375E-4,0.0075,83.01791038347491
0.5,10,0.03125,1,8,4.6875E-4,0.015,297.7414107115351
0.5,10,0.0625,0.00390625,8,3.662109375E-6,5.859375E-5,-54.86842574158303
0.5,10,0.0625,0.0078125,8,7.32421875E-6,1.171875E-4,-82.08086923242608
0.5,10,0.0625,0.015625,8,1.46484375E-5,2.34375E-4,-107.01489427603096
0.5,10,0.0625,0.03125,8,2.9296875E-5,4.6875E-4,-122.55444313330766
0.5,10,0.0625,0.0625,8,5.859375E-5,9.375E-4,-131.50151722341099
0.5,10,0.0625,0.125,8,1.171875E-4,0.001875,-124.31067362763062
0.5,10,0.0625,0.25,8,2.34375E-4,0.00375,-81.94506644329135
0.5,10,0.0625,0.5,8,4.6875E-4,0.0075,19.52394708155323
0.5,10,0.0625,1,8,9.375E-4,0.015,199.8180825239081
0.5,10,0.125,0.00390625,8,7.32421875E-6,5.859375E-5,-66.82129502983072
0.5,10,0.125,0.0078125,8,1.46484375E-5,1.171875E-4,-100.04807936808797
0.5,10,0.125,0.015625,8,2.9296875E-5,2.34375E-4,-129.7841153635838
0.5,10,0.125,0.03125,8,5.859375E-5,4.6875E-4,-152.19274516069686
0.5,10,0.125,0.0625,8,1.171875E-4,9.375E-4,-169.62759923978848
0.5,10,0.125,0.125,8,2.34375E-4,0.001875,-171.43577512292129
0.5,10,0.125,0.25,8,4.6875E-4,0.00375,-145.78450180444563
0.5,10,0.125,0.5,8,9.375E-4,0.0075,-80.27686755460428
0.5,10,0.125,1,8,0.001875,0.015,31.618011183244448
0.5,10,0.25,0.00390625,8,1.46484375E-5,5.859375E-5,-86.81059804558458
0.5,10,0.25,0.0078125,8,2.9296875E-5,1.171875E-4,-125.3947756638145
0.5,10,0.25,0.015625,8,5.859375E-5,2.34375E-4,-160.9684497562992
0.5,10,0.25,0.03125,8,1.171875E-4,4.6875E-4,-190.9214172772957
0.5,10,0.25,0.0625,8,2.34375E-4,9.375E-4,-218.44598523112427
0.5,10,0.25,0.125,8,4.6875E-4,0.001875,-237.55411395251383
0.5,10,0.25,0.25,8,9.375E-4,0.00375,-247.85636828153176
0.5,10,0.25,0.5,8,0.001875,0.0075,-252.93449933183294
0.5,10,0.25,1,8,0.00375,0.015,-247.95075812627283
0.5,10,0.5,0.00390625,8,2.9296875E-5,5.859375E-5,-116.80481552858447
0.5,10,0.5,0.0078125,8,5.859375E-5,1.171875E-4,-160.4952002052554
0.5,10,0.5,0.015625,8,1.171875E-4,2.34375E-4,-201.30182877760382
0.5,10,0.5,0.03125,8,2.34375E-4,4.6875E-4,-241.56223015766008
0.5,10,0.5,0.0625,8,4.6875E-4,9.375E-4,-285.1688330447386
0.5,10,0.5,0.125,8,9.375E-4,0.001875,-341.7923253747708
0.5,10,0.5,0.25,8,0.001875,0.00375,-423.775912296054
0.5,10,0.5,0.5,8,0.00375,0.0075,-539.5465641918581
0.5,10,0.5,1,8,0.0075,0.015,-658.5932328111858
0.5,10,1,0.00390625,8,5.859375E-5,5.859375E-5,-156.2674411955011
0.5,10,1,0.0078125,8,1.171875E-4,1.171875E-4,-203.9255789429025
0.5,10,1,0.015625,8,2.34375E-4,2.34375E-4,-253.10768972250744
0.5,10,1,0.03125,8,4.6875E-4,4.6875E-4,-309.84429837003347
0.5,10,1,0.0625,8,9.375E-4,9.375E-4,-393.3243328661197
0.5,10,1,0.125,8,0.001875,0.001875,-521.1832575773295
0.5,10,1,0.25,8,0.00375,0.00375,-717.7696263212985
0.5,10,1,0.5,8,0.0075,0.0075,-965.0974904709236
0.5,10,1,1,8,0.015,0.015,-1155.8736284548506
0.75,1,0.03125,0.00390625,8,1.8310546875E-6,5.859375E-5,-45.44002320338696
0.75,1,0.03125,0.0078125,8,3.662109375E-6,1.171875E-4,-38.831705479572825
0.75,1,0.03125,0.015625,8,7.32421875E-6,2.34375E-4,-5.854719155079316
0.75,1,0.03125,0.03125,8,1.46484375E-5,4.6875E-4,77.67497941449197
0.75,1,0.03125,0.0625,8,2.9296875E-5,9.375E-4,247.04974482469385
0.75,1,0.03125,0.125,8,5.859375E-5,0.001875,555.6349736408529
0.75,1,0.03125,0.25,8,1.171875E-4,0.00375,1056.8099323450458
0.75,1,0.03125,0.5,8,2.34375E-4,0.0075,1775.042027234154
0.75,1,0.03125,1,8,4.6875E-4,0.015,2638.3761674268526
0.75,1,0.0625,0.00390625,8,3.662109375E-6,5.859375E-5,-46.077127449341646
0.75,1,0.0625,0.0078125,8,7.32421875E-6,1.171875E-4,-39.830056069085
0.75,1,0.0625,0.015625,8,1.46484375E-5,2.34375E-4,-6.937444384531325
0.75,1,0.0625,0.03125,8,2.9296875E-5,4.6875E-4,76.3450324345736
0.75,1,0.0625,0.0625,8,5.859375E-5,9.375E-4,245.12838911682798
0.75,1,0.0625,0.125,8,1.171875E-4,0.001875,551.6087640216701
0.75,1,0.0625,0.25,8,2.34375E-4,0.00375,1049.8759986115715
0.75,1,0.0625,0.5,8,4.6875E-4,0.0075,1756.080669619814
0.75,1,0.0625,1,8,9.375E-4,0.015,2583.4505338343615
0.75,1,0.125,0.00390625,8,7.32421875E-6,5.859375E-5,-48.172533302045224
0.75,1,0.125,0.0078125,8,1.46484375E-5,1.171875E-4,-42.46797423728062
0.75,1,0.125,0.015625,8,2.9296875E-5,2.34375E-4,-9.321119288805008
0.75,1,0.125,0.03125,8,5.859375E-5,4.6875E-4,73.38781726700003
0.75,1,0.125,0.0625,8,1.171875E-4,9.375E-4,241.06912007864042
0.75,1,0.125,0.125,8,2.34375E-4,0.001875,545.6868154346355
0.75,1,0.125,0.25,8,4.6875E-4,0.00375,1034.319919895512
0.75,1,0.125,0.5,8,9.375E-4,0.0075,1708.0758040584547
0.75,1,0.125,1,8,0.001875,0.015,2458.886723758722
0.75,1,0.25,0.00390625,8,1.46484375E-5,5.859375E-5,-51.85525325187646
0.75,1,0.25,0.0078125,8,2.9296875E-5,1.171875E-4,-46.17635890508728
0.75,1,0.25,0.015625,8,5.859375E-5,2.34375E-4,-13.67640788297598
0.75,1,0.25,0.03125,8,1.171875E-4,4.6875E-4,67.54646481963002
0.75,1,0.25,0.0625,8,2.34375E-4,9.375E-4,232.98582225762723
0.75,1,0.25,0.125,8,4.6875E-4,0.001875,530.2456626279925
0.75,1,0.25,0.25,8,9.375E-4,0.00375,992.7053275914689
0.75,1,0.25,0.5,8,0.001875,0.0075,1596.392932508394
0.75,1,0.25,1,8,0.00375,0.015,2211.2865812212194
0.75,1,0.5,0.00390625,8,2.9296875E-5,5.859375E-5,-58.17949146176667
0.75,1,0.5,0.0078125,8,5.859375E-5,1.171875E-4,-53.33165700870824
0.75,1,0.5,0.015625,8,1.171875E-4,2.34375E-4,-21.695271115881646
0.75,1,0.5,0.03125,8,2.34375E-4,4.6875E-4,56.26850467626275
0.75,1,0.5,0.0625,8,4.6875E-4,9.375E-4,216.10055309952438
0.75,1,0.5,0.125,8,9.375E-4,0.001875,491.88214060192524
0.75,1,0.5,0.25,8,0.001875,0.00375,894.9114154349945
0.75,1,0.5,0.5,8,0.00375,0.0075,1374.7557155456266
0.75,1,0.5,1,8,0.0075,0.015,1809.568507865859
0.75,1,1,0.00390625,8,5.859375E-5,5.859375E-5,-68.6073598257588
0.75,1,1,0.0078125,8,1.171875E-4,1.171875E-4,-65.13585581184714
0.75,1,1,0.015625,8,2.34375E-4,2.34375E-4,-36.71531846093053
0.75,1,1,0.03125,8,4.6875E-4,4.6875E-4,35.04429548292483
0.75,1,1,0.0625,8,9.375E-4,9.375E-4,174.79453028946102
0.75,1,1,0.125,8,0.001875,0.001875,401.99890869326384
0.75,1,1,0.25,8,0.00375,0.00375,698.9303789232628
0.75,1,1,0.5,8,0.0075,0.0075,1017.1778280649426
0.75,1,1,1,8,0.015,0.015,1306.8198411263036
0.75,2,0.03125,0.00390625,8,1.8310546875E-6,5.859375E-5,-42.84633849650408
0.75,2,0.03125,0.0078125,8,3.662109375E-6,1.171875E-4,-46.93515791308076
0.75,2,0.03125,0.015625,8,7.32421875E-6,2.34375E-4,-33.86569941837925
0.75,2,0.03125,0.03125,8,1.46484375E-5,4.6875E-4,13.417267953664862
0.75,2,0.03125,0.0625,8,2.9296875E-5,9.375E-4,119.17175167485368
0.75,2,0.03125,0.125,8,5.859375E-5,0.001875,330.5058600079281
0.75,2,0.03125,0.25,8,1.171875E-4,0.00375,704.6038132998345
0.75,2,0.03125,0.5,8,2.34375E-4,0.0075,1293.2775352354408
0.75,2,0.03125,1,8,4.6875E-4,0.015,2075.401116695805
0.75,2,0.0625,0.00390625,8,3.662109375E-6,5.859375E-5,-44.103592728691346
0.75,2,0.0625,0.0078125,8,7.32421875E-6,1.171875E-4,-48.733628152897325
0.75,2,0.0625,0.015625,8,1.46484375E-5,2.34375E-4,-36.316497197610815
0.75,2,0.0625,0.03125,8,2.9296875E-5,4.6875E-4,9.643293679964685
0.75,2,0.0625,0.0625,8,5.859375E-5,9.375E-4,113.1740496898937
0.75,2,0.0625,0.125,8,1.171875E-4,0.001875,319.79126629669986
0.75,2,0.0625,0.25,8,2.34375E-4,0.00375,688.7619432826033
0.75,2,0.0625,0.5,8,4.6875E-4,0.0075,1265.1787482143627
0.75,2,0.0625,1,8,9.375E-4,0.015,2014.1063088375831
0.75,2,0.125,0.00390625,8,7.32421875E-6,5.859375E-5,-47.192991875078434
0.75,2,0.125,0.0078125,8,1.46484375E-5,1.171875E-4,-52.902696370713606
0.75,2,0.125,0.015625,8,2.9296875E-5,2.34375E-4,-40.92378554286724
0.75,2,0.125,0.03125,8,5.859375E-5,4.6875E-4,2.9768104505667594
0.75,2,0.125,0.0625,8,1.171875E-4,9.375E-4,103.16625584699881
0.75,2,0.125,0.125,8,2.34375E-4,0.001875,305.3114398806431
0.75,2,0.125,0.25,8,4.6875E-4,0.00375,663.6959714993823
0.75,2,0.125,0.5,8,9.375E-4,0.0075,1210.4919171371262
0.75,2,0.125,1,8,0.001875,0.015,1890.3516211141282
0.75,2,0.25,0.00390625,8,1.46484375E-5,5.859375E-5,-52.56317732620449
0.75,2,0.25,0.0078125,8,2.9296875E-5,1.171875E-4,-58.885775130512116
0.75,2,0.25,0.015625,8,5.859375E-5,2.34375E-4,-48.539015132728856
0.75,2,0.25,0.03125,8,1.171875E-4,4.6875E-4,-7.7980309405675925
0.75,2,0.25,0.0625,8,2.34375E-4,9.375E-4,87.7134523296896
0.75,2,0.25,0.125,8,4.6875E-4,0.001875,280.6960948061589
0.75,2,0.25,0.25,8,9.375E-4,0.00375,614.5224941086412
0.75,2,0.25,0.5,8,0.001875,0.0075,1099.533212469424
0.75,2,0.25,1,8,0.00375,0.015,1660.6568512867202
0.75,2,0.5,0.00390625,8,2.9296875E-5,5.859375E-5,-61.42211583501586
0.75,2,0.5,0.0078125,8,5.859375E-5,1.171875E-4,-69.11784785081097
0.75,2,0.5,0.015625,8,1.171875E-4,2.34375E-4,-60.8359791994384
0.75,2,0.5,0.03125,8,2.34375E-4,4.6875E-4,-25.02704720101804
0.75,2,0.5,0.0625,8,4.6875E-4,9.375E-4,62.81013711984981
0.75,2,0.5,0.125,8,9.375E-4,0.001875,234.3325074992796
0.75,2,0.5,0.25,8,0.001875,0.00375,515.7584236428977
0.75,2,0.5,0.5,8,0.00375,0.0075,895.307880837519
0.75,2,0.5,1,8,0.0075,0.015,1301.5785366135124
0.75,2,1,0.00390625,8,5.859375E-5,5.859375E-5,-74.87653247618124
0.75,2,1,0.0078125,8,1.171875E-4,1.171875E-4,-84.32979135752481
0.75,2,1,0.015625,8,2.34375E-4,2.34375E-4,-80.3081656325461
0.75,2,1,0.03125,8,4.6875E-4,4.6875E-4,-52.296295315658014
0.75,2,1,0.0625,8,9.375E-4,9.375E-4,14.877119144872161
0.75,2,1,0.125,8,0.001875,0.001875,142.29131661738944
0.75,2,1,0.25,8,0.00375,0.00375,333.7744528477299
0.75,2,1,0.5,8,0.0075,0.0075,577.3778829470842
0.75,2,1,1,8,0.015,0.015,859.0076458316545
0.75,3,0.03125,0.00390625,8,1.8310546875E-6,5.859375E-5,-38.18350356140613
0.75,3,0.03125,0.0078125,8,3.662109375E-6,1.171875E-4,-45.67740126331298
0.75,3,0.03125,0.015625,8,7.32421875E-6,2.34375E-4,-40.02057335064042
0.75,3,0.03125,0.03125,8,1.46484375E-5,4.6875E-4,-7.8679114221255055
0.75,3,0.03125,0.0625,8,2.9296875E-5,9.375E-4,67.99135030865258
0.75,3,0.03125,0.125,8,5.859375E-5,0.001875,226.7769997994447
0.75,3,0.03125,0.25,8,1.171875E-4,0.00375,521.0805487872301
0.75,3,0.03125,0.5,8,2.34375E-4,0.0075,1012.078132977055
0.75,3,0.03125,1,8,4.6875E-4,0.015,1711.8818195265899
0.75,3,0.0625,0.00390625,8,3.662109375E-6,5.859375E-5,-39.90052975463989
0.75,3,0.0625,0.0078125,8,7.32421875E-6,1.171875E-4,-48.12748831563199
0.75,3,0.0625,0.015625,8,1.46484375E-5,2.34375E-4,-43.54606019150167
0.75,3,0.0625,0.03125,8,2.9296875E-5,4.6875E-4,-13.343817070678721
0.75,3,0.0625,0.0625,8,5.859375E-5,9.375E-4,59.501947901444716
0.75,3,0.0625,0.125,8,1.171875E-4,0.001875,212.56695480905964
0.75,3,0.0625,0.25,8,2.34375E-4,0.00375,501.0844046529013
0.75,3,0.0625,0.5,8,4.6875E-4,0.0075,980.2019089354455
0.75,3,0.0625,1,8,9.375E-4,0.015,1648.8854575329005
0.75,3,0.125,0.00390625,8,7.32421875E-6,5.859375E-5,-43.70747766111156
0.75,3,0.125,0.0078125,8,1.46484375E-5,1.171875E-4,-53.43896014778424
0.75,3,0.125,0.015625,8,2.9296875E-5,2.34375E-4,-49.766302095818965
0.75,3,0.125,0.03125,8,5.859375E-5,4.6875E-4,-22.318712045638165
0.75,3,0.125,0.0625,8,1.171875E-4,9.375E-4,46.344133280156896
0.75,3,0.125,0.125,8,2.34375E-4,0.001875,194.19217430670867
0.75,3,0.125,0.25,8,4.6875E-4,0.00375,472.0851290848925
0.75,3,0.125,0.5,8,9.375E-4,0.0075,923.5813672045329
0.75,3,0.125,1,8,0.001875,0.015,1528.2778026005706
0.75,3,0.25,0.00390625,8,1.46484375E-5,5.859375E-5,-50.26587999472464
0.75,3,0.25,0.0078125,8,2.9296875E-5,1.171875E-4,-61.05167931134939
0.75,3,0.25,0.015625,8,5.859375E-5,2.34375E-4,-59.4947877862179
0.75,3,0.25,0.03125,8,1.171875E-4,4.6875E-4,-35.804332604746655
0.75,3,0.25,0.0625,8,2.34375E-4,9.375E-4,27.498169008656625
0.75,3,0.25,0.125,8,4.6875E-4,0.001875,165.75820320449984
0.75,3,0.25,0.25,8,9.375E-4,0.00375,420.3220337571595
0.75,3,0.25,0.5,8,0.001875,0.0075,815.1341897037554
0.75,3,0.25,1,8,0.00375,0.015,1312.051785144436
0.75,3,0.5,0.00390625,8,2.9296875E-5,5.859375E-5,-60.80183128042977
0.75,3,0.5,0.0078125,8,5.859375E-5,1.171875E-4,-73.26191987635116
0.75,3,0.5,0.015625,8,1.171875E-4,2.34375E-4,-74.15661897537797
0.75,3,0.5,0.03125,8,2.34375E-4,4.6875E-4,-55.86092089567963
0.75,3,0.5,0.0625,8,4.6875E-4,9.375E-4,-0.7610945848617447
0.75,3,0.5,0.125,8,9.375E-4,0.001875,116.41676175790207
0.75,3,0.5,0.25,8,0.001875,0.00375,322.43564054839203
0.75,3,0.5,0.5,8,0.00375,0.0075,622.537217006851
0.75,3,0.5,1,8,0.0075,0.015,980.7320725688302
0.75,3,1,0.00390625,8,5.859375E-5,5.859375E-5,-76.10657858940425
0.75,3,1,0.0078125,8,1.171875E-4,1.171875E-4,-90.40617287048505
0.75,3,1,0.015625,8,2.34375E-4,2.34375E-4,-95.77949663440987
0.75,3,1,0.03125,8,4.6875E-4,4.6875E-4,-85.69024750740103
0.75,3,1,0.0625,8,9.375E-4,9.375E-4,-51.277009169613635
0.75,3,1,0.125,8,0.001875,0.001875,24.032557932264666
0.75,3,1,0.25,8,0.00375,0.00375,148.47600869115783
0.75,3,1,0.5,8,0.0075,0.0075,327.91398812218335
0.75,3,1,1,8,0.015,0.015,575.7518555757187
0.75,5,0.03125,0.00390625,8,1.8310546875E-6,5.859375E-5,-30.959577891118617
0.75,5,0.03125,0.0078125,8,3.662109375E-6,1.171875E-4,-40.40992660944845
0.75,5,0.03125,0.015625,8,7.32421875E-6,2.34375E-4,-40.86270084423591
0.75,5,0.03125,0.03125,8,1.46484375E-5,4.6875E-4,-22.701187180343886
0.75,5,0.03125,0.0625,8,2.9296875E-5,9.375E-4,23.90620126994504
0.75,5,0.03125,0.125,8,5.859375E-5,0.001875,127.4358873746108
0.75,5,0.03125,0.25,8,1.171875E-4,0.00375,329.96640500188346
0.75,5,0.03125,0.5,8,2.34375E-4,0.0075,693.095064300865
0.75,5,0.03125,1,8,4.6875E-4,0.015,1259.876632416511
0.75,5,0.0625,0.00390625,8,3.662109375E-6,5.859375E-5,-33.29937144906233
0.75,5,0.0625,0.0078125,8,7.32421875E-6,1.171875E-4,-43.85412648215652
0.75,5,0.0625,0.015625,8,1.46484375E-5,2.34375E-4,-46.02078304976514
0.75,5,0.0625,0.03125,8,2.9296875E-5,4.6875E-4,-30.546211945575337
0.75,5,0.0625,0.0625,8,5.859375E-5,9.375E-4,12.315872580603124
0.75,5,0.0625,0.125,8,1.171875E-4,0.001875,109.53734578386475
0.75,5,0.0625,0.25,8,2.34375E-4,0.00375,306.15463857094994
0.75,5,0.0625,0.5,8,4.6875E-4,0.0075,658.2771165868268
0.75,5,0.0625,1,8,9.375E-4,0.015,1196.8743393503162
0.75,5,0.125,0.00390625,8,7.32421875E-6,5.859375E-5,-38.085367889092794
0.75,5,0.125,0.0078125,8,1.46484375E-5,1.171875E-4,-50.794688371538626
0.75,5,0.125,0.015625,8,2.9296875E-5,2.34375E-4,-54.55366407638111
0.75,5,0.125,0.03125,8,5.859375E-5,4.6875E-4,-42.46665913950646
0.75,5,0.125,0.0625,8,1.171875E-4,9.375E-4,-4.324557735790883
0.75,5,0.125,0.125,8,2.34375E-4,0.001875,87.47442300497234
0.75,5,0.125,0.25,8,4.6875E-4,0.00375,273.87745708411956
0.75,5,0.125,0.5,8,9.375E-4,0.0075,600.9855362536588
0.75,5,0.125,1,8,0.001875,0.015,1082.501616704209
0.75,5,0.25,0.00390625,8,1.46484375E-5,5.859375E-5,-46.22303637961326
0.75,5,0.25,0.0078125,8,2.9296875E-5,1.171875E-4,-60.67312628535035
0.75,5,0.25,0.015625,8,5.859375E-5,2.34375E-4,-67.05601891040014
0.75,5,0.25,0.03125,8,1.171875E-4,4.6875E-4,-59.082222385515635
0.75,5,0.25,0.0625,8,2.34375E-4,9.375E-4,-26.545035884087333
0.75,5,0.25,0.125,8,4.6875E-4,0.001875,55.662409575415396
0.75,5,0.25,0.25,8,9.375E-4,0.00375,220.3493833451871
0.75,5,0.25,0.5,8,0.001875,0.0075,496.97798852641336
0.75,5,0.25,1,8,0.00375,0.015,884.7810788417722
0.75,5,0.5,0.00390625,8,2.9296875E-5,5.859375E-5,-58.87729710546272
0.75,5,0.5,0.0078125,8,5.859375E-5,1.171875E-4,-75.4108589742503
0.75,5,0.5,0.015625,8,1.171875E-4,2.34375E-4,-84.48663793444453
0.75,5,0.5,0.03125,8,2.34375E-4,4.6875E-4,-82.06194271818588
0.75,5,0.5,0.0625,8,4.6875E-4,9.375E-4,-57.89405409918864
0.75,5,0.5,0.125,8,9.375E-4,0.001875,3.8916514045423938
0.75,5,0.5,0.25,8,0.001875,0.00375,124.28767615017973
0.75,5,0.5,0.5,8,0.00375,0.0075,318.6825847371995
0.75,5,0.5,1,8,0.0075,0.015,588.2327849071905
0.75,5,1,0.00390625,8,5.859375E-5,5.859375E-5,-76.3745013683625
0.75,5,1,0.0078125,8,1.171875E-4,1.171875E-4,-94.81921937858681
0.75,5,1,0.015625,8,2.34375E-4,2.34375E-4,-108.37083486072908
0.75,5,1,0.03125,8,4.6875E-4,4.6875E-4,-114.3056864482981
0.75,5,1,0.0625,8,9.375E-4,9.375E-4,-110.67987694498954
0.75,5,1,0.125,8,0.001875,0.001875,-88.44246173819084
0.75,5,1,0.25,8,0.00375,0.00375,-40.84590360558299
0.75,5,1,0.5,8,0.0075,0.0075,50.57435805349647
0.75,5,1,1,8,0.015,0.015,228.78044309338537
0.75,7,0.03125,0.00390625,8,1.8310546875E-6,5.859375E-5,-26.18230662717192
0.75,7,0.03125,0.0078125,8,3.662109375E-6,1.171875E-4,-35.86635022552756
0.75,7,0.03125,0.015625,8,7.32421875E-6,2.34375E-4,-38.8965584815338
0.75,7,0.03125,0.03125,8,1.46484375E-5,4.6875E-4,-27.559896032474967
0.75,7,0.03125,0.0625,8,2.9296875E-5,9.375E-4,4.396562707466927
0.75,7,0.03125,0.125,8,5.859375E-5,0.001875,79.07289385617469
0.75,7,0.03125,0.25,8,1.171875E-4,0.00375,230.7591593817201
0.75,7,0.03125,0.5,8,2.34375E-4,0.0075,515.7187336084232
0.75,7,0.03125,1,8,4.6875E-4,0.015,986.7455975827954
0.75,7,0.0625,0.00390625,8,3.662109375E-6,5.859375E-5,-28.92085147138541
0.75,7,0.0625,0.0078125,8,7.32421875E-6,1.171875E-4,-40.02129136496403
0.75,7,0.0625,0.015625,8,1.46484375E-5,2.34375E-4,-45.22956515066084
0.75,7,0.0625,0.03125,8,2.9296875E-5,4.6875E-4,-37.000097395501435
0.75,7,0.0625,0.0625,8,5.859375E-5,9.375E-4,-9.099607205099844
0.75,7,0.0625,0.125,8,1.171875E-4,0.001875,59.238771728307505
0.75,7,0.0625,0.25,8,2.34375E-4,0.00375,205.237599044087
0.75,7,0.0625,0.5,8,4.6875E-4,0.0075,479.873296922648
0.75,7,0.0625,1,8,9.375E-4,0.015,924.7040145043213
0.75,7,0.125,0.00390625,8,7.32421875E-6,5.859375E-5,-34.34063468217623
0.75,7,0.125,0.0078125,8,1.46484375E-5,1.171875E-4,-48.06685795533338
0.75,7,0.125,0.015625,8,2.9296875E-5,2.34375E-4,-55.35201961435429
0.75,7,0.125,0.03125,8,5.859375E-5,4.6875E-4,-50.768745561162866
0.75,7,0.125,0.0625,8,1.171875E-4,9.375E-4,-27.6770741745244
0.75,7,0.125,0.125,8,2.34375E-4,0.001875,35.40216751506239
0.75,7,0.125,0.25,8,4.6875E-4,0.00375,171.60353922628735
0.75,7,0.125,0.5,8,9.375E-4,0.0075,422.8324824329783
0.75,7,0.125,1,8,0.001875,0.015,815.1354214661844
0.75,7,0.25,0.00390625,8,1.46484375E-5,5.859375E-5,-43.47748677420727
0.75,7,0.25,0.0078125,8,2.9296875E-5,1.171875E-4,-59.452446438939496
0.75,7,0.25,0.015625,8,5.859375E-5,2.34375E-4,-69.62854474012728
0.75,7,0.25,0.03125,8,1.171875E-4,4.6875E-4,-69.19370824239564
0.75,7,0.25,0.0625,8,2.34375E-4,9.375E-4,-51.62463155298971
0.75,7,0.25,0.125,8,4.6875E-4,0.001875,2.050816338787179
0.75,7,0.25,0.25,8,9.375E-4,0.00375,117.50947206888821
0.75,7,0.25,0.5,8,0.001875,0.0075,321.9300135125814
0.75,7,0.25,1,8,0.00375,0.015,629.3378461738895
0.75,7,0.5,0.00390625,8,2.9296875E-5,5.859375E-5,-57.41716867595767
0.75,7,0.5,0.0078125,8,5.859375E-5,1.171875E-4,-75.75884834132728
0.75,7,0.5,0.015625,8,1.171875E-4,2.34375E-4,-88.67920227029205
0.75,7,0.5,0.03125,8,2.34375E-4,4.6875E-4,-93.72066121634306
0.75,7,0.5,0.0625,8,4.6875E-4,9.375E-4,-84.45459400296588
0.75,7,0.5,0.125,8,9.375E-4,0.001875,-50.758265980196114
0.75,7,0.5,0.25,8,0.001875,0.00375,22.72919624638253
0.75,7,0.5,0.5,8,0.00375,0.0075,151.9919333412044
0.75,7,0.5,1,8,0.0075,0.015,353.8329387554369
0.75,7,1,0.00390625,8,5.859375E-5,5.859375E-5,-76.17690906342901
0.75,7,1,0.0078125,8,1.171875E-4,1.171875E-4,-96.48258374795557
0.75,7,1,0.015625,8,2.34375E-4,2.34375E-4,-113.77566878645031
0.75,7,1,0.03125,8,4.6875E-4,4.6875E-4,-127.14848326269822
0.75,7,1,0.0625,8,9.375E-4,9.375E-4,-138.28865917980158
0.75,7,1,0.125,8,0.001875,0.001875,-142.9371017680571
0.75,7,1,0.25,8,0.00375,0.00375,-137.66647079306196
0.75,7,1,0.5,8,0.0075,0.0075,-101.41172705573993
0.75,7,1,1,8,0.015,0.015,21.27478295009621
0.75,10,0.03125,0.00390625,8,1.8310546875E-6,5.859375E-5,-21.57162140902723
0.75,10,0.03125,0.0078125,8,3.662109375E-6,1.171875E-4,-30.92122533406478
0.75,10,0.03125,0.015625,8,7.32421875E-6,2.34375E-4,-35.79565752529178
0.75,10,0.03125,0.03125,8,1.46484375E-5,4.6875E-4,-30.09896538019593
0.75,10,0.03125,0.0625,8,2.9296875E-5,9.375E-4,-10.29189066269753
0.75,10,0.03125,0.125,8,5.859375E-5,0.001875,40.031473165312235
0.75,10,0.03125,0.25,8,1.171875E-4,0.00375,147.4240444275664
0.75,10,0.03125,0.5,8,2.34375E-4,0.0075,359.88183365358606
0.75,10,0.03125,1,8,4.6875E-4,0.015,731.7674134943919
0.75,10,0.0625,0.00390625,8,3.662109375E-6,5.859375E-5,-24.694990004212006
0.75,10,0.0625,0.0078125,8,7.32421875E-6,1.171875E-4,-35.820263140364005
0.75,10,0.0625,0.015625,8,1.46484375E-5,2.34375E-4,-43.37041582236898
0.75,10,0.0625,0.03125,8,2.9296875E-5,4.6875E-4,-41.15176548143743
0.75,10,0.0625,0.0625,8,5.859375E-5,9.375E-4,-25.59959465141354
0.75,10,0.0625,0.125,8,1.171875E-4,0.001875,18.562273946007572
0.75,10,0.0625,0.25,8,2.34375E-4,0.00375,120.6389301947683
0.75,10,0.0625,0.5,8,4.6875E-4,0.0075,323.4774075960535
0.75,10,0.0625,1,8,9.375E-4,0.015,671.181229467367
0.75,10,0.125,0.00390625,8,7.32421875E-6,5.859375E-5,-30.731297032348387
0.75,10,0.125,0.0078125,8,1.46484375E-5,1.171875E-4,-44.98270424542727
0.75,10,0.125,0.015625,8,2.9296875E-5,2.34375E-4,-55.12011433532516
0.75,10,0.125,0.03125,8,5.859375E-5,4.6875E-4,-56.69974765793981
0.75,10,0.125,0.0625,8,1.171875E-4,9.375E-4,-45.895887282271936
0.75,10,0.125,0.125,8,2.34375E-4,0.001875,-6.697381212292051
0.75,10,0.125,0.25,8,4.6875E-4,0.00375,86.04188996979661
0.75,10,0.125,0.5,8,9.375E-4,0.0075,266.9789284604651
0.75,10,0.125,1,8,0.001875,0.015,566.6701556711223
0.75,10,0.25,0.00390625,8,1.46484375E-5,5.859375E-5,-40.82480135123158
0.75,10,0.25,0.0078125,8,2.9296875E-5,1.171875E-4,-57.87192447816204
0.75,10,0.25,0.015625,8,5.859375E-5,2.34375E-4,-71.1236822452777
0.75,10,0.25,0.03125,8,1.171875E-4,4.6875E-4,-76.77279456702897
0.75,10,0.25,0.0625,8,2.34375E-4,9.375E-4,-71.2999578074409
0.75,10,0.25,0.125,8,4.6875E-4,0.001875,-41.24466974976697
0.75,10,0.25,0.25,8,9.375E-4,0.00375,31.637566927428715
0.75,10,0.25,0.5,8,0.001875,0.0075,169.1241214365605
0.75,10,0.25,1,8,0.00375,0.015,392.3588590203117
0.75,10,0.5,0.00390625,8,2.9296875E-5,5.859375E-5,-55.96056751842168
0.75,10,0.5,0.0078125,8,5.859375E-5,1.171875E-4,-75.66914698675507
0.75,10,0.5,0.015625,8,1.171875E-4,2.34375E-4,-91.6610305666344
0.75,10,0.5,0.03125,8,2.34375E-4,4.6875E-4,-102.6309890896427
0.75,10,0.5,0.0625,8,4.6875E-4,9.375E-4,-105.32504675849003
0.75,10,0.5,0.125,8,9.375E-4,0.001875,-94.82940824506429
0.75,10,0.5,0.25,8,0.001875,0.00375,-61.907175594097815
0.75,10,0.5,0.5,8,0.00375,0.0075,6.69704243631314
0.75,10,0.5,1,8,0.0075,0.015,136.4235299066823
0.75,10,1,0.00390625,8,5.859375E-5,5.859375E-5,-75.85440664686786
0.75,10,1,0.0078125,8,1.171875E-4,1.171875E-4,-97.59082803902945
0.75,10,1,0.015625,8,2.34375E-4,2.34375E-4,-117.80775294084839
0.75,10,1,0.03125,8,4.6875E-4,4.6875E-4,-137.02793917926573
0.75,10,1,0.0625,8,9.375E-4,9.375E-4,-159.98420325996676
0.75,10,1,0.125,8,0.001875,0.001875,-186.82234139210414
0.75,10,1,0.25,8,0.00375,0.00375,-218.25911687131796
0.75,10,1,0.5,8,0.0075,0.0075,-233.8667622128843
0.75,10,1,1,8,0.015,0.015,-171.43602283585085
1,1,0.03125,0.00390625,8,1.8310546875E-6,5.859375E-5,33.443090143867984
1,1,0.03125,0.0078125,8,3.662109375E-6,1.171875E-4,64.54203472516407
1,1,0.03125,0.015625,8,7.32421875E-6,2.34375E-4,126.62618794132202
1,1,0.03125,0.03125,8,1.46484375E-5,4.6875E-4,248.10618731887126
1,1,0.03125,0.0625,8,2.9296875E-5,9.375E-4,476.2207393240205
1,1,0.03125,0.125,8,5.859375E-5,0.001875,882.1430411193866
1,1,0.03125,0.25,8,1.171875E-4,0.00375,1545.9065984652516
1,1,0.03125,0.5,8,2.34375E-4,0.0075,2507.534940338985
1,1,0.03125,1,8,4.6875E-4,0.015,3670.830747569482
1,1,0.0625,0.00390625,8,3.662109375E-6,5.859375E-5,33.263389037105355
1,1,0.0625,0.0078125,8,7.32421875E-6,1.171875E-4,64.59019471228194
1,1,0.0625,0.015625,8,1.46484375E-5,2.34375E-4,126.8267982682126
1,1,0.0625,0.03125,8,2.9296875E-5,4.6875E-4,248.78325465327256
1,1,0.0625,0.0625,8,5.859375E-5,9.375E-4,477.6048863994664
1,1,0.0625,0.125,8,1.171875E-4,0.001875,884.1493525056708
1,1,0.0625,0.25,8,2.34375E-4,0.00375,1548.432050947368
1,1,0.0625,0.5,8,4.6875E-4,0.0075,2501.1003455616146
1,1,0.0625,1,8,9.375E-4,0.015,3629.2119961063854
1,1,0.125,0.00390625,8,7.32421875E-6,5.859375E-5,33.36331658345778
1,1,0.125,0.0078125,8,1.46484375E-5,1.171875E-4,64.41573015843588
1,1,0.125,0.015625,8,2.9296875E-5,2.34375E-4,127.27292613127631
1,1,0.125,0.03125,8,5.859375E-5,4.6875E-4,250.02118470823112
1,1,0.125,0.0625,8,1.171875E-4,9.375E-4,480.3689174436148
1,1,0.125,0.125,8,2.34375E-4,0.001875,889.574702549446
1,1,0.125,0.25,8,4.6875E-4,0.00375,1550.2802649517675
1,1,0.125,0.5,8,9.375E-4,0.0075,2476.9787607446497
1,1,0.125,1,8,0.001875,0.015,3529.849409629429
1,1,0.25,0.00390625,8,1.46484375E-5,5.859375E-5,33.39894926250193
1,1,0.25,0.0078125,8,2.9296875E-5,1.171875E-4,64.74908233790772
1,1,0.25,0.015625,8,5.859375E-5,2.34375E-4,128.31656593909
1,1,0.25,0.03125,8,1.171875E-4,4.6875E-4,252.15500065111337
1,1,0.25,0.0625,8,2.34375E-4,9.375E-4,485.51615709686956
1,1,0.25,0.125,8,4.6875E-4,0.001875,895.4449224943487
1,1,0.25,0.25,8,9.375E-4,0.00375,1542.2579747368277
1,1,0.25,0.5,8,0.001875,0.0075,2409.76729962625
1,1,0.25,1,8,0.00375,0.015,3328.0455571039947
1,1,0.5,0.00390625,8,2.9296875E-5,5.859375E-5,33.378597027145744
1,1,0.5,0.0078125,8,5.859375E-5,1.171875E-4,65.28210676089
1,1,0.5,0.015625,8,1.171875E-4,2.34375E-4,130.65556309256118
1,1,0.5,0.03125,8,2.34375E-4,4.6875E-4,256.13839373464407
1,1,0.5,0.0625,8,4.6875E-4,9.375E-4,492.7008359276544
1,1,0.5,0.125,8,9.375E-4,0.001875,897.8141882516906
1,1,0.5,0.25,8,0.001875,0.00375,1507.082611337681
1,1,0.5,0.5,8,0.00375,0.0075,2266.998194523509
1,1,0.5,1,8,0.0075,0.015,3003.5548352025844
1,1,1,0.00390625,8,5.859375E-5,5.859375E-5,33.02571905093443
1,1,1,0.0078125,8,1.171875E-4,1.171875E-4,66.36624862677446
1,1,1,0.015625,8,2.34375E-4,2.34375E-4,133.4332954549288
1,1,1,0.03125,8,4.6875E-4,4.6875E-4,261.730697649761
1,1,1,0.0625,8,9.375E-4,9.375E-4,497.34508407001056
1,1,1,0.125,8,0.001875,0.001875,883.4883981118571
1,1,1,0.25,8,0.00375,0.00375,1420.2233957018675
1,1,1,0.5,8,0.0075,0.0075,2036.4380395766375
1,1,1,1,8,0.015,0.015,2613.675419890176
1,2,0.03125,0.00390625,8,1.8310546875E-6,5.859375E-5,20.130471137207188
1,2,0.03125,0.0078125,8,3.662109375E-6,1.171875E-4,38.4041273611501
1,2,0.03125,0.015625,8,7.32421875E-6,2.34375E-4,75.6813939575211
1,2,0.03125,0.03125,8,1.46484375E-5,4.6875E-4,151.46699650252225
1,2,0.03125,0.0625,8,2.9296875E-5,9.375E-4,300.0531401188391
1,2,0.03125,0.125,8,5.859375E-5,0.001875,582.6895346399219
1,2,0.03125,0.25,8,1.171875E-4,0.00375,1082.442116324215
1,2,0.03125,0.5,8,2.34375E-4,0.0075,1874.593394695902
1,2,0.03125,1,8,4.6875E-4,0.015,2933.375049193726
1,2,0.0625,0.00390625,8,3.662109375E-6,5.859375E-5,19.98168171643244
1,2,0.0625,0.0078125,8,7.32421875E-6,1.171875E-4,38.279441661170246
1,2,0.0625,0.015625,8,1.46484375E-5,2.34375E-4,75.40233760799231
1,2,0.0625,0.03125,8,2.9296875E-5,4.6875E-4,150.86376235203983
1,2,0.0625,0.0625,8,5.859375E-5,9.375E-4,298.83225515307606
1,2,0.0625,0.125,8,1.171875E-4,0.001875,579.9451664967161
1,2,0.0625,0.25,8,2.34375E-4,0.00375,1078.252445576716
1,2,0.0625,0.5,8,4.6875E-4,0.0075,1862.3252498751485
1,2,0.0625,1,8,9.375E-4,0.015,2891.155058521726
1,2,0.125,0.00390625,8,7.32421875E-6,5.859375E-5,19.89860424740622
1,2,0.125,0.0078125,8,1.46484375E-5,1.171875E-4,37.86732411935334
1,2,0.125,0.015625,8,2.9296875E-5,2.34375E-4,75.00128796951118
1,2,0.125,0.03125,8,5.859375E-5,4.6875E-4,150.09594514603123
1,2,0.125,0.0625,8,1.171875E-4,9.375E-4,297.63147433797155
1,2,0.125,0.125,8,2.34375E-4,0.001875,578.7271369476277
1,2,0.125,0.25,8,4.6875E-4,0.00375,1073.1752137575613
1,2,0.125,0.5,8,9.375E-4,0.0075,1836.6139509326565
1,2,0.125,1,8,0.001875,0.015,2802.5385453220433
1,2,0.25,0.00390625,8,1.46484375E-5,5.859375E-5,19.699446329324168
1,2,0.25,0.0078125,8,2.9296875E-5,1.171875E-4,37.60509195043374
1,2,0.25,0.015625,8,5.859375E-5,2.34375E-4,74.65704159291937
1,2,0.25,0.03125,8,1.171875E-4,4.6875E-4,149.4701192919821
1,2,0.25,0.0625,8,2.34375E-4,9.375E-4,297.43673075350387
1,2,0.25,0.125,8,4.6875E-4,0.001875,577.590731423322
1,2,0.25,0.25,8,9.375E-4,0.00375,1061.314282547447
1,2,0.25,0.5,8,0.001875,0.0075,1779.0666253016668
1,2,0.25,1,8,0.00375,0.015,2635.0942317617173
1,2,0.5,0.00390625,8,2.9296875E-5,5.859375E-5,19.361494166866365
1,2,0.5,0.0078125,8,5.859375E-5,1.171875E-4,37.270019869544676
1,2,0.5,0.015625,8,1.171875E-4,2.34375E-4,74.73031337238582
1,2,0.5,0.03125,8,2.34375E-4,4.6875E-4,149.6603202988692
1,2,0.5,0.0625,8,4.6875E-4,9.375E-4,298.47076496162094
1,2,0.5,0.125,8,9.375E-4,0.001875,574.4292263469008
1,2,0.5,0.25,8,0.001875,0.00375,1031.4797095238432
1,2,0.5,0.5,8,0.00375,0.0075,1668.480684425721
1,2,0.5,1,8,0.0075,0.015,2375.568972749452
1,2,1,0.00390625,8,5.859375E-5,5.859375E-5,18.787243544909884
1,2,1,0.0078125,8,1.171875E-4,1.171875E-4,37.15866550432831
1,2,1,0.015625,8,2.34375E-4,2.34375E-4,75.08354743517145
1,2,1,0.03125,8,4.6875E-4,4.6875E-4,150.95545599114448
1,2,1,0.0625,8,9.375E-4,9.375E-4,298.4276470047547
1,2,1,0.125,8,0.001875,0.001875,561.8743755783303
1,2,1,0.25,8,0.00375,0.00375,969.2877472665684
1,2,1,0.5,8,0.0075,0.0075,1497.5003040663082
1,2,1,1,8,0.015,0.015,2068.029431668692
1,3,0.03125,0.00390625,8,1.8310546875E-6,5.859375E-5,14.837046091549263
1,3,0.03125,0.0078125,8,3.662109375E-6,1.171875E-4,28.18806529110495
1,3,0.03125,0.015625,8,7.32421875E-6,2.34375E-4,55.471338212726074
1,3,0.03125,0.03125,8,1.46484375E-5,4.6875E-4,111.46930055901001
1,3,0.03125,0.0625,8,2.9296875E-5,9.375E-4,222.55396801236265
1,3,0.03125,0.125,8,5.859375E-5,0.001875,439.2866818218606
1,3,0.03125,0.25,8,1.171875E-4,0.00375,837.5169755507663
1,3,0.03125,0.5,8,2.34375E-4,0.0075,1503.3023074184052
1,3,0.03125,1,8,4.6875E-4,0.015,2456.0069955848776
1,3,0.0625,0.00390625,8,3.662109375E-6,5.859375E-5,14.704864897136323
1,3,0.0625,0.0078125,8,7.32421875E-6,1.171875E-4,28.003933213294754
1,3,0.0625,0.015625,8,1.46484375E-5,2.34375E-4,55.01554643773914
1,3,0.0625,0.03125,8,2.9296875E-5,4.6875E-4,110.40234061727156
1,3,0.0625,0.0625,8,5.859375E-5,9.375E-4,220.40339867605888
1,3,0.0625,0.125,8,1.171875E-4,0.001875,435.00387579907454
1,3,0.0625,0.25,8,2.34375E-4,0.00375,831.2541836187945
1,3,0.0625,0.5,8,4.6875E-4,0.0075,1489.9166338926061
1,3,0.0625,1,8,9.375E-4,0.015,2416.4344608170936
1,3,0.125,0.00390625,8,7.32421875E-6,5.859375E-5,14.573178012294466
1,3,0.125,0.0078125,8,1.46484375E-5,1.171875E-4,27.53867665836539
1,3,0.125,0.015625,8,2.9296875E-5,2.34375E-4,54.335529214806854
1,3,0.125,0.03125,8,5.859375E-5,4.6875E-4,109.002220542864
1,3,0.125,0.0625,8,1.171875E-4,9.375E-4,217.99421781057896
1,3,0.125,0.125,8,2.34375E-4,0.001875,431.8024394864153
1,3,0.125,0.25,8,4.6875E-4,0.00375,824.4428078151395
1,3,0.125,0.5,8,9.375E-4,0.0075,1465.9519372614607
1,3,0.125,1,8,0.001875,0.015,2338.1161498423794
1,3,0.25,0.00390625,8,1.46484375E-5,5.859375E-5,14.320001993319645
1,3,0.25,0.0078125,8,2.9296875E-5,1.171875E-4,27.102703621155754
1,3,0.25,0.015625,8,5.859375E-5,2.34375E-4,53.57767842081499
1,3,0.25,0.03125,8,1.171875E-4,4.6875E-4,107.6056528383738
1,3,0.25,0.0625,8,2.34375E-4,9.375E-4,216.30931158669256
1,3,0.25,0.125,8,4.6875E-4,0.001875,428.7921667240496
1,3,0.25,0.25,8,9.375E-4,0.00375,812.7052289359947
1,3,0.25,0.5,8,0.001875,0.0075,1416.8371702607728
1,3,0.25,1,8,0.00375,0.015,2195.4092174955554
1,3,0.5,0.00390625,8,2.9296875E-5,5.859375E-5,13.92444104206698
1,3,0.5,0.0078125,8,5.859375E-5,1.171875E-4,26.550927488547423
1,3,0.5,0.015625,8,1.171875E-4,2.34375E-4,53.0303078123397
1,3,0.5,0.03125,8,2.34375E-4,4.6875E-4,106.79620477190592
1,3,0.5,0.0625,8,4.6875E-4,9.375E-4,215.67261559647397
1,3,0.5,0.125,8,9.375E-4,0.001875,424.60284984800364
1,3,0.5,0.25,8,0.001875,0.00375,787.6855929009813
1,3,0.5,0.5,8,0.00375,0.0075,1326.9264366455677
1,3,0.5,1,8,0.0075,0.015,1978.446434808827
1,3,1,0.00390625,8,5.859375E-5,5.859375E-5,13.355684483255073
1,3,1,0.0078125,8,1.171875E-4,1.171875E-4,26.15023443244165
1,3,1,0.015625,8,2.34375E-4,2.34375E-4,52.770838034514014
1,3,1,0.03125,8,4.6875E-4,4.6875E-4,106.94839622308226
1,3,1,0.0625,8,9.375E-4,9.375E-4,214.56270102406882
1,3,1,0.125,8,0.001875,0.001875,414.091208118754
1,3,1,0.25,8,0.00375,0.00375,739.3221465887623
1,3,1,0.5,8,0.0075,0.0075,1190.9052768936845
1,3,1,1,8,0.015,0.015,1723.0864441990016
1,5,0.03125,0.00390625,8,1.8310546875E-6,5.859375E-5,9.935053017155496
1,5,0.03125,0.0078125,8,3.662109375E-6,1.171875E-4,18.877114194440377
1,5,0.03125,0.015625,8,7.32421875E-6,2.34375E-4,37.03820761814779
1,5,0.03125,0.03125,8,1.46484375E-5,4.6875E-4,74.35881044409166
1,5,0.03125,0.0625,8,2.9296875E-5,9.375E-4,148.80138054458186
1,5,0.03125,0.125,8,5.859375E-5,0.001875,296.8721541672643
1,5,0.03125,0.25,8,1.171875E-4,0.00375,579.304993227171
1,5,0.03125,0.5,8,2.34375E-4,0.0075,1080.4797845252572
1,5,0.03125,1,8,4.6875E-4,0.015,1861.4915220930784
1,5,0.0625,0.00390625,8,3.662109375E-6,5.859375E-5,9.826486694256271
1,5,0.0625,0.0078125,8,7.32421875E-6,1.171875E-4,18.663205211203664
1,5,0.0625,0.015625,8,1.46484375E-5,2.34375E-4,36.47983226415457
1,5,0.0625,0.03125,8,2.9296875E-5,4.6875E-4,73.03516030670913
1,5,0.0625,0.0625,8,5.859375E-5,9.375E-4,146.16681028606627
1,5,0.0625,0.125,8,1.171875E-4,0.001875,291.99069234214613
1,5,0.0625,0.25,8,2.34375E-4,0.00375,572.3769416098403
1,5,0.0625,0.5,8,4.6875E-4,0.0075,1067.8948378689388
1,5,0.0625,1,8,9.375E-4,0.015,1827.945083099417
1,5,0.125,0.00390625,8,7.32421875E-6,5.859375E-5,9.679528166534979
1,5,0.125,0.0078125,8,1.46484375E-5,1.171875E-4,18.20670224367756
1,5,0.125,0.015625,8,2.9296875E-5,2.34375E-4,35.65978412149621
1,5,0.125,0.03125,8,5.859375E-5,4.6875E-4,71.3494981494266
1,5,0.125,0.0625,8,1.171875E-4,9.375E-4,143.25293143049026
1,5,0.125,0.125,8,2.34375E-4,0.001875,287.9691156469425
1,5,0.125,0.25,8,4.6875E-4,0.00375,565.3841057189788
1,5,0.125,0.5,8,9.375E-4,0.0075,1048.0774022435357
1,5,0.125,1,8,0.001875,0.015,1765.406456560111
1,5,0.25,0.00390625,8,1.46484375E-5,5.859375E-5,9.422971470813714
1,5,0.25,0.0078125,8,2.9296875E-5,1.171875E-4,17.699973626008962
1,5,0.25,0.015625,8,5.859375E-5,2.34375E-4,34.714523020815086
1,5,0.25,0.03125,8,1.171875E-4,4.6875E-4,69.65370493831821
1,5,0.25,0.0625,8,2.34375E-4,9.375E-4,140.93364185980136
1,5,0.25,0.125,8,4.6875E-4,0.001875,284.3096214025803
1,5,0.25,0.25,8,9.375E-4,0.00375,555.3826661392047
1,5,0.25,0.5,8,0.001875,0.0075,1010.6853020399415
1,5,0.25,1,8,0.00375,0.015,1655.6886436986085
1,5,0.5,0.00390625,8,2.9296875E-5,5.859375E-5,9.045035441427054
1,5,0.5,0.0078125,8,5.859375E-5,1.171875E-4,17.086173376933456
1,5,0.5,0.015625,8,1.171875E-4,2.34375E-4,33.881859649798514
1,5,0.5,0.03125,8,2.34375E-4,4.6875E-4,68.41554255983066
1,5,0.5,0.0625,8,4.6875E-4,9.375E-4,139.5090995061874
1,5,0.5,0.125,8,9.375E-4,0.001875,280.22971098277355
1,5,0.5,0.25,8,0.001875,0.00375,536.790390676372
1,5,0.5,0.5,8,0.00375,0.0075,945.5643418307893
1,5,0.5,1,8,0.0075,0.015,1492.104949829049
1,5,1,0.00390625,8,5.859375E-5,5.859375E-5,8.561233597980037
1,5,1,0.0078125,8,1.171875E-4,1.171875E-4,16.583314945543457
1,5,1,0.015625,8,2.34375E-4,2.34375E-4,33.347031822683014
1,5,1,0.03125,8,4.6875E-4,4.6875E-4,67.97882583282207
1,5,1,0.0625,8,9.375E-4,9.375E-4,138.05309285558792
1,5,1,0.125,8,0.001875,0.001875,272.48576143856195
1,5,1,0.25,8,0.00375,0.00375,503.4090342553702
1,5,1,0.5,8,0.0075,0.0075,849.1384364167222
1,5,1,1,8,0.015,0.015,1300.5764627357207
1,7,0.03125,0.00390625,8,1.8310546875E-6,5.859375E-5,7.532538724079952
1,7,0.03125,0.0078125,8,3.662109375E-6,1.171875E-4,14.354199434024313
1,7,0.03125,0.015625,8,7.32421875E-6,2.34375E-4,28.113296192438685
1,7,0.03125,0.03125,8,1.46484375E-5,4.6875E-4,56.2794449514194
1,7,0.03125,0.0625,8,2.9296875E-5,9.375E-4,112.4814019129379
1,7,0.03125,0.125,8,5.859375E-5,0.001875,225.05376256854925
1,7,0.03125,0.25,8,1.171875E-4,0.00375,443.72735312653543
1,7,0.03125,0.5,8,2.34375E-4,0.0075,844.5582380965283
1,7,0.03125,1,8,4.6875E-4,0.015,1501.8213561162038
1,7,0.0625,0.00390625,8,3.662109375E-6,5.859375E-5,7.440754704432052
1,7,0.0625,0.0078125,8,7.32421875E-6,1.171875E-4,14.14491689430955
1,7,0.0625,0.015625,8,1.46484375E-5,2.34375E-4,27.554913547037245
1,7,0.0625,0.03125,8,2.9296875E-5,4.6875E-4,54.96239607013273
1,7,0.0625,0.0625,8,5.859375E-5,9.375E-4,109.88548567099534
1,7,0.0625,0.125,8,1.171875E-4,0.001875,220.4087472562138
1,7,0.0625,0.25,8,2.34375E-4,0.00375,437.2331582963482
1,7,0.0625,0.5,8,4.6875E-4,0.0075,833.3972700992935
1,7,0.0625,1,8,9.375E-4,0.015,1473.2008734639985
1,7,0.125,0.00390625,8,7.32421875E-6,5.859375E-5,7.302738076233574
1,7,0.125,0.0078125,8,1.46484375E-5,1.171875E-4,13.728279147530223
1,7,0.125,0.015625,8,2.9296875E-5,2.34375E-4,26.748531846952762
1,7,0.125,0.03125,8,5.859375E-5,4.6875E-4,53.32640035977671
1,7,0.125,0.0625,8,1.171875E-4,9.375E-4,107.08374439868078
1,7,0.125,0.125,8,2.34375E-4,0.001875,216.53891693869957
1,7,0.125,0.25,8,4.6875E-4,0.00375,430.8910843742008
1,7,0.125,0.5,8,9.375E-4,0.0075,816.8235460869982
1,7,0.125,1,8,0.001875,0.015,1421.5194333464028
1,7,0.25,0.00390625,8,1.46484375E-5,5.859375E-5,7.069566881919676
1,7,0.25,0.0078125,8,2.9296875E-5,1.171875E-4,13.241276793128867
1,7,0.25,0.015625,8,5.859375E-5,2.34375E-4,25.826399604524774
1,7,0.25,0.03125,8,1.171875E-4,4.6875E-4,51.705498351748425
1,7,0.25,0.0625,8,2.34375E-4,9.375E-4,104.82350833792331
1,7,0.25,0.125,8,4.6875E-4,0.001875,213.08651028165445
1,7,0.25,0.25,8,9.375E-4,0.00375,422.4626281561163
1,7,0.25,0.5,8,0.001875,0.0075,786.8257275825044
1,7,0.25,1,8,0.00375,0.015,1332.6283067228749
1,7,0.5,0.00390625,8,2.9296875E-5,5.859375E-5,6.735223755380771
1,7,0.5,0.0078125,8,5.859375E-5,1.171875E-4,12.668376391350456
1,7,0.5,0.015625,8,1.171875E-4,2.34375E-4,24.996339983782825
1,7,0.5,0.03125,8,2.34375E-4,4.6875E-4,50.48541647131245
1,7,0.5,0.0625,8,4.6875E-4,9.375E-4,103.35064185573353
1,7,0.5,0.125,8,9.375E-4,0.001875,209.50763620902129
1,7,0.5,0.25,8,0.001875,0.00375,407.75354586110416
1,7,0.5,0.5,8,0.00375,0.0075,735.9325828975221
1,7,0.5,1,8,0.0075,0.015,1201.3521259293443
1,7,1,0.00390625,8,5.859375E-5,5.859375E-5,6.327957772157005
1,7,1,0.0078125,8,1.171875E-4,1.171875E-4,12.190986852977769
1,7,1,0.015625,8,2.34375E-4,2.34375E-4,24.45077848985797
1,7,1,0.03125,8,4.6875E-4,4.6875E-4,49.952961768490326
1,7,1,0.0625,8,9.375E-4,9.375E-4,101.98339659217697
1,7,1,0.125,8,0.001875,0.001875,203.41996903468868
1,7,1,0.25,8,0.00375,0.00375,382.3186166674059
1,7,1,0.5,8,0.0075,0.0075,661.3558977129853
1,7,1,1,8,0.015,0.015,1047.8269047497502
1,10,0.03125,0.00390625,8,1.8310546875E-6,5.859375E-5,5.552682571296976
1,10,0.03125,0.0078125,8,3.662109375E-6,1.171875E-4,10.629811305571382
1,10,0.03125,0.015625,8,7.32421875E-6,2.34375E-4,20.788607464129456
1,10,0.03125,0.03125,8,1.46484375E-5,4.6875E-4,41.45388215980378
1,10,0.03125,0.0625,8,2.9296875E-5,9.375E-4,82.64922815801218
1,10,0.03125,0.125,8,5.859375E-5,0.001875,165.508922471022
1,10,0.03125,0.25,8,1.171875E-4,0.00375,328.84639041615554
1,10,0.03125,0.5,8,2.34375E-4,0.0075,636.7457569236947
1,10,0.03125,1,8,4.6875E-4,0.015,1165.7934162772553
1,10,0.0625,0.00390625,8,3.662109375E-6,5.859375E-5,5.4784457331591305
1,10,0.0625,0.0078125,8,7.32421875E-6,1.171875E-4,10.440342951698021
1,10,0.0625,0.015625,8,1.46484375E-5,2.34375E-4,20.27406263129282
1,10,0.0625,0.03125,8,2.9296875E-5,4.6875E-4,40.25091217043304
1,10,0.0625,0.0625,8,5.859375E-5,9.375E-4,80.30232792058419
1,10,0.0625,0.125,8,1.171875E-4,0.001875,161.43522151964535
1,10,0.0625,0.25,8,2.34375E-4,0.00375,323.2229268328271
1,10,0.0625,0.5,8,4.6875E-4,0.0075,627.4308681105562
1,10,0.0625,1,8,9.375E-4,0.015,1142.544376410827
1,10,0.125,0.00390625,8,7.32421875E-6,5.859375E-5,5.358700965133928
1,10,0.125,0.0078125,8,1.46484375E-5,1.171875E-4,10.082670877233573
1,10,0.125,0.015625,8,2.9296875E-5,2.34375E-4,19.54388669293338
1,10,0.125,0.03125,8,5.859375E-5,4.6875E-4,38.79324984481671
1,10,0.125,0.0625,8,1.171875E-4,9.375E-4,77.8358246752441
1,10,0.125,0.125,8,2.34375E-4,0.001875,158.04101269833677
1,10,0.125,0.25,8,4.6875E-4,0.00375,317.8682817440394
1,10,0.125,0.5,8,9.375E-4,0.0075,614.2347244755354
1,10,0.125,1,8,0.001875,0.015,1101.7223001590016
1,10,0.25,0.00390625,8,1.46484375E-5,5.859375E-5,5.160995343121458
1,10,0.25,0.0078125,8,2.9296875E-5,1.171875E-4,9.650926707490749
1,10,0.25,0.015625,8,5.859375E-5,2.34375E-4,18.72108526574554
1,10,0.25,0.03125,8,1.171875E-4,4.6875E-4,37.37582814323798
1,10,0.25,0.0625,8,2.34375E-4,9.375E-4,75.84606961624164
1,10,0.25,0.125,8,4.6875E-4,0.001875,155.06477445298015
1,10,0.25,0.25,8,9.375E-4,0.00375,311.13150213638875
1,10,0.25,0.5,8,0.001875,0.0075,591.1827422049548
1,10,0.25,1,8,0.00375,0.015,1032.668476166894
1,10,0.5,0.00390625,8,2.9296875E-5,5.859375E-5,4.883680491740866
1,10,0.5,0.0078125,8,5.859375E-5,1.171875E-4,9.156906231744927
1,10,0.5,0.015625,8,1.171875E-4,2.34375E-4,17.979767644334203
1,10,0.5,0.03125,8,2.34375E-4,4.6875E-4,36.30025197837319
1,10,0.5,0.0625,8,4.6875E-4,9.375E-4,74.51873952775996
1,10,0.5,0.125,8,9.375E-4,0.001875,152.13350888464217
1,10,0.5,0.25,8,0.001875,0.00375,299.9615611078601
1,10,0.5,0.5,8,0.00375,0.0075,552.9406490644844
1,10,0.5,1,8,0.0075,0.015,931.4402926245498
1,10,1,0.00390625,8,5.859375E-5,5.859375E-5,4.5586279017651155
1,10,1,0.0078125,8,1.171875E-4,1.171875E-4,8.743922864844105
1,10,1,0.015625,8,2.34375E-4,2.34375E-4,17.49218384081071
1,10,1,0.03125,8,4.6875E-4,4.6875E-4,35.78842001150117
1,10,1,0.0625,8,9.375E-4,9.375E-4,73.35592634618631
1,10,1,0.125,8,0.001875,0.001875,147.5385747931216
1,10,1,0.25,8,0.00375,0.00375,281.2513925786639
1,10,1,0.5,8,0.0075,0.0075,497.363966045157
1,10,1,1,8,0.015,0.015,813.0015827831478
