scenario,scenario_title,n,hh,foms,log10_foms,cv_pct,worst_ratio_pct,regime,safe_zone
low_E_mid_d,"low $\varepsilon$, mid $d/R$",2.0,0.00390625,0.03920179605484009,-1.4066940546035767,2.4987073615193367,96.96469306945801,-1,True
low_E_mid_d,"low $\varepsilon$, mid $d/R$",4.0,0.00390625,0.03725995495915413,-1.428757667541504,2.349279262125492,97.1327006816864,-1,False
low_E_mid_d,"low $\varepsilon$, mid $d/R$",8.0,0.00390625,0.040018633008003235,-1.397737741470337,2.736261673271656,96.95945382118225,-1,True
low_E_mid_d,"low $\varepsilon$, mid $d/R$",16.0,0.00390625,0.04142293706536293,-1.3827590942382812,2.5348708033561707,97.10378646850586,0,True
low_E_mid_d,"low $\varepsilon$, mid $d/R$",32.0,0.00390625,0.034036777913570404,-1.468051552772522,3.029691055417061,97.29185104370117,1,False
low_E_mid_d,"low $\varepsilon$, mid $d/R$",64.0,0.00390625,0.02705552615225315,-1.5677440166473389,5.346682295203209,94.31046843528748,1,False
low_E_mid_d,"low $\varepsilon$, mid $d/R$",2.0,0.005412790386643338,0.03994786739349365,-1.3985064029693604,2.5165628641843796,96.81759476661682,-1,True
low_E_mid_d,"low $\varepsilon$, mid $d/R$",4.0,0.005412790386643338,0.037867821753025055,-1.4217296838760376,2.3125402629375458,97.05756902694702,-1,False
low_E_mid_d,"low $\varepsilon$, mid $d/R$",8.0,0.005412790386643338,0.04051314294338226,-1.3924040794372559,2.746804617345333,96.90060019493103,-1,True
low_E_mid_d,"low $\varepsilon$, mid $d/R$",16.0,0.005412790386643338,0.0420306995511055,-1.3764333724975586,2.6154862716794014,96.97052836418152,0,True
low_E_mid_d,"low $\varepsilon$, mid $d/R$",32.0,0.005412790386643338,0.034626420587301254,-1.4605923891067505,3.2423313707113266,97.15492129325867,1,False
low_E_mid_d,"low $\varepsilon$, mid $d/R$",64.0,0.005412790386643338,0.027683328837156296,-1.55778169631958,5.509921908378601,94.04662847518921,1,False
low_E_mid_d,"low $\varepsilon$, mid $d/R$",2.0,0.007500364741053073,0.040985263884067535,-1.3873722553253174,2.56001316010952,96.58266305923462,-1,True
low_E_mid_d,"low $\varepsilon$, mid $d/R$",4.0,0.007500364741053073,0.03858575224876404,-1.4135730266571045,2.3004306480288506,97.1093237400055,-1,False
low_E_mid_d,"low $\varepsilon$, mid $d/R$",8.0,0.007500364741053073,0.04107530787587166,-1.3864191770553589,2.793743461370468,96.84481620788574,-1,True
low_E_mid_d,"low $\varepsilon$, mid $d/R$",16.0,0.007500364741053073,0.042652763426303864,-1.3700528144836426,2.7021098881959915,96.93010449409485,0,True
low_E_mid_d,"low $\varepsilon$, mid $d/R$",32.0,0.007500364741053073,0.035229217261075974,-1.4530969858169556,3.5566605627536774,96.82956337928772,1,False
low_E_mid_d,"low $\varepsilon$, mid $d/R$",64.0,0.007500364741053073,0.028271635994315147,-1.5486490726470947,5.784584581851959,93.87699961662292,1,False
low_E_mid_d,"low $\varepsilon$, mid $d/R$",2.0,0.010393062954672825,0.04248262941837311,-1.3717886209487915,2.4956634268164635,96.21166586875916,-1,True
low_E_mid_d,"low $\varepsilon$, mid $d/R$",4.0,0.010393062954672825,0.039538346230983734,-1.4029815196990967,2.3578116670250893,97.03149795532227,0,True
low_E_mid_d,"low $\varepsilon$, mid $d/R$",8.0,0.010393062954672825,0.04178442806005478,-1.3789855241775513,2.815874107182026,96.6605544090271,0,True
low_E_mid_d,"low $\varepsilon$, mid $d/R$",16.0,0.010393062954672825,0.04319043084979057,-1.3646124601364136,2.9147690162062645,96.77109718322754,0,True
low_E_mid_d,"low $\varepsilon$, mid $d/R$",32.0,0.010393062954672825,0.035590093582868576,-1.4486708641052246,3.9832688868045807,96.63145542144775,0,False
low_E_mid_d,"low $\varepsilon$, mid $d/R$",64.0,0.010393062954672825,0.02849607914686203,-1.5452148914337158,6.84681311249733,92.26484894752502,1,False
low_E_mid_d,"low $\varepsilon$, mid $d/R$",2.0,0.014401400639701026,0.04379989206790924,-1.3585269451141357,1.9987400621175766,97.25940227508545,0,True
low_E_mid_d,"low $\varepsilon$, mid $d/R$",4.0,0.014401400639701026,0.04055357351899147,-1.3919708728790283,2.3867761716246605,97.00438380241394,0,True
low_E_mid_d,"low $\varepsilon$, mid $d/R$",8.0,0.014401400639701026,0.042039595544338226,-1.376341462135315,2.771815098822117,97.0773458480835,0,True
low_E_mid_d,"low $\varepsilon$, mid $d/R$",16.0,0.014401400639701026,0.043331872671842575,-1.3631925582885742,3.274855762720108,96.38717770576477,0,True
low_E_mid_d,"low $\varepsilon$, mid $d/R$",32.0,0.014401400639701026,0.03506273776292801,-1.4551541805267334,4.931607097387314,94.00074481964111,1,False
low_E_mid_d,"low $\varepsilon$, mid $d/R$",64.0,0.014401400639701026,0.025483589619398117,-1.59373939037323,10.734205693006516,84.95463132858276,1,False
low_E_mid_d,"low $\varepsilon$, mid $d/R$",2.0,0.01995565131181387,0.044806480407714844,-1.3486591577529907,1.9739478826522827,97.35634326934814,0,True
low_E_mid_d,"low $\varepsilon$, mid $d/R$",4.0,0.01995565131181387,0.041191499680280685,-1.3851923942565918,2.267961949110031,97.31693267822266,0,True
low_E_mid_d,"low $\varepsilon$, mid $d/R$",8.0,0.01995565131181387,0.04164733365178108,-1.3804128170013428,2.9400618746876717,96.53984904289246,0,True
low_E_mid_d,"low $\varepsilon$, mid $d/R$",16.0,0.01995565131181387,0.042330168187618256,-1.3733500242233276,3.9937686175107956,94.96057033538818,0,True
low_E_mid_d,"low $\varepsilon$, mid $d/R$",32.0,0.01995565131181387,0.03243878856301308,-1.4889353513717651,6.682910770177841,91.382497549057,1,False
low_E_mid_d,"low $\varepsilon$, mid $d/R$",64.0,0.01995565131181387,0.018154989928007126,-1.7410039901733398,12.291041016578674,82.1362853050232,1,False
low_E_mid_d,"low $\varepsilon$, mid $d/R$",2.0,0.02765203394042693,0.045713961124420166,-1.3399511575698853,1.9525416195392609,97.47593998908997,0,True
low_E_mid_d,"low $\varepsilon$, mid $d/R$",4.0,0.02765203394042693,0.04137422516942024,-1.3832701444625854,2.269277907907963,97.53540754318237,0,True
low_E_mid_d,"low $\varepsilon$, mid $d/R$",8.0,0.02765203394042693,0.04075053334236145,-1.3898667097091675,3.3117402344942093,96.05948328971863,0,True
low_E_mid_d,"low $\varepsilon$, mid $d/R$",16.0,0.02765203394042693,0.04058314859867096,-1.3916542530059814,4.469446837902069,94.07684206962585,0,True
low_E_mid_d,"low $\varepsilon$, mid $d/R$",32.0,0.02765203394042693,0.028846682980656624,-1.5399041175842285,8.433686941862106,88.75229358673096,1,False
low_E_mid_d,"low $\varepsilon$, mid $d/R$",64.0,0.02765203394042693,0.01182709913700819,-1.9271217584609985,15.213319659233093,78.60621809959412,1,False
low_E_mid_d,"low $\varepsilon$, mid $d/R$",2.0,0.03831671385187284,0.04671443626284599,-1.330548882484436,2.0020347088575363,97.3074734210968,0,True
low_E_mid_d,"low $\varepsilon$, mid $d/R$",4.0,0.03831671385187284,0.04114628583192825,-1.3856693506240845,2.498471178114414,97.12940454483032,0,True
low_E_mid_d,"low $\varepsilon$, mid $d/R$",8.0,0.03831671385187284,0.03961241990327835,-1.40216863155365,3.8333002477884293,95.19243240356445,0,True
low_E_mid_d,"low $\varepsilon$, mid $d/R$",16.0,0.03831671385187284,0.03704032674431801,-1.4313251972198486,6.1842817813158035,90.91358184814453,0,False
low_E_mid_d,"low $\varepsilon$, mid $d/R$",32.0,0.03831671385187284,0.02473214454948902,-1.6067382097244263,10.466326773166656,84.71566438674927,1,False
low_E_mid_d,"low $\varepsilon$, mid $d/R$",64.0,0.03831671385187284,0.007059058640152216,-2.1512532234191895,18.207810819149017,75.4436731338501,1,False
low_E_mid_d,"low $\varepsilon$, mid $d/R$",2.0,0.053094487138606344,0.04754234850406647,-1.3229193687438965,2.0596839487552643,97.59690165519714,0,True
low_E_mid_d,"low $\varepsilon$, mid $d/R$",4.0,0.053094487138606344,0.04042120277881622,-1.3933907747268677,2.8996074572205544,96.20097279548645,0,True
low_E_mid_d,"low $\varepsilon$, mid $d/R$",8.0,0.053094487138606344,0.037550076842308044,-1.4253891706466675,5.003979429602623,93.01825761795044,0,False
low_E_mid_d,"low $\varepsilon$, mid $d/R$",16.0,0.053094487138606344,0.03269096091389656,-1.485572338104248,7.289774715900421,89.69563245773315,1,False
low_E_mid_d,"low $\varepsilon$, mid $d/R$",32.0,0.053094487138606344,0.016220729798078537,-1.7899296283721924,15.812216699123383,77.93641686439514,1,False
low_E_mid_d,"low $\varepsilon$, mid $d/R$",64.0,0.053094487138606344,0.003878774819895625,-2.4113054275512695,22.74644374847412,68.49581003189087,1,False
low_E_mid_d,"low $\varepsilon$, mid $d/R$",2.0,0.07357166836930737,0.047149546444416046,-1.3265224695205688,2.497253194451332,96.65042161941528,0,True
low_E_mid_d,"low $\varepsilon$, mid $d/R$",4.0,0.07357166836930737,0.038706980645656586,-1.4122107028961182,3.5710830241441727,95.06372809410095,0,False
low_E_mid_d,"low $\varepsilon$, mid $d/R$",8.0,0.07357166836930737,0.03446204960346222,-1.4626588821411133,5.798617005348206,91.69519543647766,1,False
low_E_mid_d,"low $\varepsilon$, mid $d/R$",16.0,0.07357166836930737,0.027755077928304672,-1.5566575527191162,9.834877401590347,85.28434634208679,1,False
low_E_mid_d,"low $\varepsilon$, mid $d/R$",32.0,0.07357166836930737,0.00929298810660839,-2.0318446159362793,19.315272569656372,74.0471363067627,1,False
low_E_mid_d,"low $\varepsilon$, mid $d/R$",64.0,0.07357166836930737,0.0017746388912200928,-2.750890016555786,31.38953447341919,60.512661933898926,1,False
low_E_mid_d,"low $\varepsilon$, mid $d/R$",2.0,0.10194637293534692,0.044865962117910385,-1.3480830192565918,3.388165310025215,95.20081877708435,0,True
low_E_mid_d,"low $\varepsilon$, mid $d/R$",4.0,0.10194637293534692,0.035812683403491974,-1.4459631443023682,4.727068915963173,93.26035976409912,1,False
low_E_mid_d,"low $\varepsilon$, mid $d/R$",8.0,0.10194637293534692,0.03027501329779625,-1.5189156532287598,6.880687922239304,90.54688811302185,1,False
low_E_mid_d,"low $\varepsilon$, mid $d/R$",16.0,0.10194637293534692,0.018575778231024742,-1.7310529947280884,17.106200754642487,78.39791178703308,1,False
low_E_mid_d,"low $\varepsilon$, mid $d/R$",32.0,0.10194637293534692,0.004748303443193436,-2.3234615325927734,23.52452427148819,69.28570866584778,1,False
low_E_mid_d,"low $\varepsilon$, mid $d/R$",64.0,0.10194637293534692,0.0006506576901301742,-3.186647415161133,36.460137367248535,57.4282705783844,1,False
low_E_mid_d,"low $\varepsilon$, mid $d/R$",2.0,0.14126447292866628,0.041808441281318665,-1.3787360191345215,3.9100877940654755,94.36731338500977,0,True
low_E_mid_d,"low $\varepsilon$, mid $d/R$",4.0,0.14126447292866628,0.03241344913840294,-1.4892747402191162,5.4893858730793,92.04111695289612,1,False
low_E_mid_d,"low $\varepsilon$, mid $d/R$",8.0,0.14126447292866628,0.02577000856399536,-1.5888854265213013,8.685433864593506,86.96154356002808,1,False
low_E_mid_d,"low $\varepsilon$, mid $d/R$",16.0,0.14126447292866628,0.01030545961111784,-1.986932635307312,19.23600137233734,75.03300905227661,1,False
low_E_mid_d,"low $\varepsilon$, mid $d/R$",32.0,0.14126447292866628,0.002270067809149623,-2.643961191177368,29.112529754638672,63.23745250701904,1,False
low_E_mid_d,"low $\varepsilon$, mid $d/R$",64.0,0.14126447292866628,0.0002376137999817729,-3.6241283416748047,42.86445379257202,50.59082508087158,1,False
low_E_mid_d,"low $\varepsilon$, mid $d/R$",2.0,0.19574655514688588,0.03815052658319473,-1.41849946975708,4.654011502861977,93.3290958404541,0,False
low_E_mid_d,"low $\varepsilon$, mid $d/R$",4.0,0.19574655514688588,0.02823847159743309,-1.5491588115692139,7.178620249032974,89.56718444824219,1,False
low_E_mid_d,"low $\varepsilon$, mid $d/R$",8.0,0.19574655514688588,0.01795068010687828,-1.745919108390808,15.985095500946045,78.32568287849426,1,False
low_E_mid_d,"low $\varepsilon$, mid $d/R$",16.0,0.19574655514688588,0.005157263018190861,-2.287580728530884,23.220257461071014,70.53553462028503,1,False
low_E_mid_d,"low $\varepsilon$, mid $d/R$",32.0,0.19574655514688588,0.0009190932614728808,-3.0366404056549072,36.088159680366516,57.80327320098877,1,False
low_E_mid_d,"low $\varepsilon$, mid $d/R$",64.0,0.19574655514688588,6.750525790266693e-05,-4.1706624031066895,54.15286421775818,41.4180725812912,1,False
low_E_mid_d,"low $\varepsilon$, mid $d/R$",2.0,0.27124097841090933,0.033893778920173645,-1.4698799848556519,5.1609039306640625,92.56227612495422,1,False
low_E_mid_d,"low $\varepsilon$, mid $d/R$",4.0,0.27124097841090933,0.023026106879115105,-1.6377794742584229,9.306778013706207,86.24210953712463,1,False
low_E_mid_d,"low $\varepsilon$, mid $d/R$",8.0,0.27124097841090933,0.010102533735334873,-1.9955697059631348,18.68092566728592,75.00489950180054,1,False
low_E_mid_d,"low $\varepsilon$, mid $d/R$",16.0,0.27124097841090933,0.002356149721890688,-2.6277971267700195,27.520835399627686,62.76986002922058,1,False
low_E_mid_d,"low $\varepsilon$, mid $d/R$",32.0,0.27124097841090933,0.00030030886409804225,-3.5224318504333496,44.0375030040741,50.46682953834534,1,False
low_E_mid_d,"low $\varepsilon$, mid $d/R$",64.0,0.27124097841090933,1.2648425581573974e-05,-4.897963523864746,71.3385820388794,30.97536265850067,1,False
low_E_mid_d,"low $\varepsilon$, mid $d/R$",2.0,0.37585166346401383,0.028885960578918457,-1.5393131971359253,6.306640803813934,90.9394383430481,1,False
low_E_mid_d,"low $\varepsilon$, mid $d/R$",4.0,0.37585166346401383,0.015955351293087006,-1.7970936298370361,14.542588591575623,80.41032552719116,1,False
low_E_mid_d,"low $\varepsilon$, mid $d/R$",8.0,0.37585166346401383,0.005527741741389036,-2.2574522495269775,20.436963438987732,72.53597974777222,1,False
low_E_mid_d,"low $\varepsilon$, mid $d/R$",16.0,0.37585166346401383,0.0009868827182799578,-3.005734443664551,32.184404134750366,61.56350374221802,1,False
low_E_mid_d,"low $\varepsilon$, mid $d/R$",32.0,0.37585166346401383,8.139277633745223e-05,-4.089414119720459,51.671046018600464,45.61881124973297,1,False
low_E_mid_d,"low $\varepsilon$, mid $d/R$",64.0,0.37585166346401383,1.45910428273055e-06,-5.83591365814209,93.23574900627136,22.077228128910065,1,False
low_E_mid_d,"low $\varepsilon$, mid $d/R$",2.0,0.5208080053252924,0.023691875860095024,-1.6254005432128906,8.088263124227524,88.22912573814392,1,False
low_E_mid_d,"low $\varepsilon$, mid $d/R$",4.0,0.5208080053252924,0.010266505181789398,-1.9885773658752441,16.077803075313568,76.91286206245422,1,False
low_E_mid_d,"low $\varepsilon$, mid $d/R$",8.0,0.5208080053252924,0.0030639497563242912,-2.513718366622925,23.482544720172882,66.81656837463379,1,False
low_E_mid_d,"low $\varepsilon$, mid $d/R$",16.0,0.5208080053252924,0.00043330920743755996,-3.3632020950317383,35.89661717414856,56.254446506500244,1,False
low_E_mid_d,"low $\varepsilon$, mid $d/R$",32.0,0.5208080053252924,2.0143916117376648e-05,-4.695856094360352,61.154770851135254,36.28173768520355,1,False
low_E_mid_d,"low $\varepsilon$, mid $d/R$",64.0,0.5208080053252924,1.0594423827114952e-07,-6.9749226570129395,112.6313328742981,14.956139028072357,1,False
low_E_mid_d,"low $\varepsilon$, mid $d/R$",2.0,0.7216702885149785,0.01867714896798134,-1.728689432144165,10.504709929227829,83.33340883255005,1,False
low_E_mid_d,"low $\varepsilon$, mid $d/R$",4.0,0.7216702885149785,0.006270979531109333,-2.202664613723755,18.06335300207138,75.33900737762451,1,False
low_E_mid_d,"low $\varepsilon$, mid $d/R$",8.0,0.7216702885149785,0.0015038899146020412,-2.822783946990967,29.758474230766296,63.45745325088501,1,False
low_E_mid_d,"low $\varepsilon$, mid $d/R$",16.0,0.7216702885149785,0.00015422835713252425,-3.811835765838623,46.4089959859848,47.649791836738586,1,False
low_E_mid_d,"low $\varepsilon$, mid $d/R$",32.0,0.7216702885149785,2.942381570392172e-06,-5.531301021575928,83.69529247283936,24.077919125556946,1,False
low_E_mid_d,"low $\varepsilon$, mid $d/R$",64.0,0.7216702885149785,2.6216937509815352e-09,-8.58141803741455,153.5520315170288,2.6964347809553146,1,False
low_E_mid_d,"low $\varepsilon$, mid $d/R$",2.0,1.0,0.012290453538298607,-1.9104321002960205,18.67578476667404,73.69145154953003,1,False
low_E_mid_d,"low $\varepsilon$, mid $d/R$",4.0,1.0,0.0035841043572872877,-2.4456193447113037,24.901461601257324,66.02854132652283,1,False
low_E_mid_d,"low $\varepsilon$, mid $d/R$",8.0,1.0,0.0006382565479725599,-3.19500470161438,40.248751640319824,51.7706573009491,1,False
low_E_mid_d,"low $\varepsilon$, mid $d/R$",16.0,1.0,3.885001933667809e-05,-4.410608768463135,64.43473696708679,32.99139440059662,1,False
low_E_mid_d,"low $\varepsilon$, mid $d/R$",32.0,1.0,2.378852741458104e-07,-6.623632431030273,107.7887773513794,18.51038783788681,1,False
low_E_mid_d,"low $\varepsilon$, mid $d/R$",64.0,1.0,1.3564635525931124e-11,-10.867591857910156,172.4191665649414,27.811619639396667,1,False
mid_E_mid_d,"mid $\varepsilon$, mid $d/R$",2.0,0.00390625,0.019573716446757317,-1.7083266973495483,4.378599300980568,94.58689093589783,-1,False
mid_E_mid_d,"mid $\varepsilon$, mid $d/R$",4.0,0.00390625,0.02183973416686058,-1.6607526540756226,4.229035601019859,94.9118971824646,-1,False
mid_E_mid_d,"mid $\varepsilon$, mid $d/R$",8.0,0.00390625,0.024748504161834717,-1.6064510345458984,3.4494277089834213,95.67791819572449,-1,False
mid_E_mid_d,"mid $\varepsilon$, mid $d/R$",16.0,0.00390625,0.026509467512369156,-1.5765990018844604,3.616873547434807,95.83367705345154,0,True
mid_E_mid_d,"mid $\varepsilon$, mid $d/R$",32.0,0.00390625,0.023342590779066086,-1.6318509578704834,5.913887172937393,93.68638396263123,1,False
mid_E_mid_d,"mid $\varepsilon$, mid $d/R$",64.0,0.00390625,0.016732392832636833,-1.7764419317245483,6.130107864737511,94.48353052139282,0,False
mid_E_mid_d,"mid $\varepsilon$, mid $d/R$",2.0,0.005412790386643338,0.020296351984143257,-1.6925820112228394,4.434748366475105,94.25265192985535,-1,False
mid_E_mid_d,"mid $\varepsilon$, mid $d/R$",4.0,0.005412790386643338,0.022631101310253143,-1.6452943086624146,4.277076944708824,94.58543062210083,-1,False
mid_E_mid_d,"mid $\varepsilon$, mid $d/R$",8.0,0.005412790386643338,0.025529125705361366,-1.5929640531539917,3.486800193786621,95.51966190338135,-1,True
mid_E_mid_d,"mid $\varepsilon$, mid $d/R$",16.0,0.005412790386643338,0.027339937165379524,-1.5632025003433228,3.7348125129938126,95.49488425254822,-1,True
mid_E_mid_d,"mid $\varepsilon$, mid $d/R$",32.0,0.005412790386643338,0.023938674479722977,-1.6208999156951904,5.7960957288742065,93.52951645851135,1,False
mid_E_mid_d,"mid $\varepsilon$, mid $d/R$",64.0,0.005412790386643338,0.016911419108510017,-1.7718199491500854,6.044752523303032,94.29563879966736,0,False
mid_E_mid_d,"mid $\varepsilon$, mid $d/R$",2.0,0.007500364741053073,0.021369589492678642,-1.6702038049697876,4.567340761423111,93.75468492507935,-1,False
mid_E_mid_d,"mid $\varepsilon$, mid $d/R$",4.0,0.007500364741053073,0.02385367825627327,-1.6224446296691895,4.443849995732307,94.00511384010315,-1,False
mid_E_mid_d,"mid $\varepsilon$, mid $d/R$",8.0,0.007500364741053073,0.026662826538085938,-1.5740938186645508,3.4887559711933136,95.11130452156067,-1,True
mid_E_mid_d,"mid $\varepsilon$, mid $d/R$",16.0,0.007500364741053073,0.02839117869734764,-1.5468165874481201,3.6763112992048264,95.13569474220276,-1,True
mid_E_mid_d,"mid $\varepsilon$, mid $d/R$",32.0,0.007500364741053073,0.024541180580854416,-1.6101045608520508,5.773695558309555,93.7558650970459,0,False
mid_E_mid_d,"mid $\varepsilon$, mid $d/R$",64.0,0.007500364741053073,0.01688644476234913,-1.7724617719650269,6.175604835152626,94.16302442550659,0,False
mid_E_mid_d,"mid $\varepsilon$, mid $d/R$",2.0,0.010393062954672825,0.02303706295788288,-1.6375728845596313,4.887012764811516,92.94677376747131,-1,False
mid_E_mid_d,"mid $\varepsilon$, mid $d/R$",4.0,0.010393062954672825,0.025863030925393105,-1.5873205661773682,4.557524994015694,93.14334988594055,-1,True
mid_E_mid_d,"mid $\varepsilon$, mid $d/R$",8.0,0.010393062954672825,0.028227923437952995,-1.5493210554122925,3.5202406346797943,94.96569037437439,-1,True
mid_E_mid_d,"mid $\varepsilon$, mid $d/R$",16.0,0.010393062954672825,0.02916257455945015,-1.5351741313934326,3.7963945418596268,95.78660130500793,0,True
mid_E_mid_d,"mid $\varepsilon$, mid $d/R$",32.0,0.010393062954672825,0.025022685527801514,-1.6016660928726196,5.6405216455459595,94.21175718307495,0,False
mid_E_mid_d,"mid $\varepsilon$, mid $d/R$",64.0,0.010393062954672825,0.016413839533925056,-1.784789800643921,6.7942410707473755,91.10769629478455,0,False
mid_E_mid_d,"mid $\varepsilon$, mid $d/R$",2.0,0.014401400639701026,0.025303848087787628,-1.596813440322876,4.806791245937347,92.963707447052,-1,True
mid_E_mid_d,"mid $\varepsilon$, mid $d/R$",4.0,0.014401400639701026,0.02793440781533718,-1.5538605451583862,4.1070278733968735,94.26778554916382,0,True
mid_E_mid_d,"mid $\varepsilon$, mid $d/R$",8.0,0.014401400639701026,0.029855959117412567,-1.5249689817428589,3.482421115040779,95.22287249565125,-1,True
mid_E_mid_d,"mid $\varepsilon$, mid $d/R$",16.0,0.014401400639701026,0.02927643246948719,-1.5334818363189697,4.399141296744347,95.19522786140442,0,True
mid_E_mid_d,"mid $\varepsilon$, mid $d/R$",32.0,0.014401400639701026,0.02471115067601204,-1.6071070432662964,6.009526923298836,92.20372438430786,0,False
mid_E_mid_d,"mid $\varepsilon$, mid $d/R$",64.0,0.014401400639701026,0.01441206131130457,-1.8412739038467407,9.014441072940826,86.8887722492218,1,False
mid_E_mid_d,"mid $\varepsilon$, mid $d/R$",2.0,0.01995565131181387,0.027082907035946846,-1.5673047304153442,4.586796090006828,93.7202513217926,-1,True
mid_E_mid_d,"mid $\varepsilon$, mid $d/R$",4.0,0.01995565131181387,0.029550857841968536,-1.5294299125671387,4.069530591368675,94.39235925674438,0,True
mid_E_mid_d,"mid $\varepsilon$, mid $d/R$",8.0,0.01995565131181387,0.03081257827579975,-1.5112719535827637,3.757130354642868,95.59727907180786,0,True
mid_E_mid_d,"mid $\varepsilon$, mid $d/R$",16.0,0.01995565131181387,0.02865380421280861,-1.5428177118301392,5.027833580970764,93.65845918655396,0,False
mid_E_mid_d,"mid $\varepsilon$, mid $d/R$",32.0,0.01995565131181387,0.02235562540590763,-1.6506131887435913,7.355038821697235,90.02830982208252,1,False
mid_E_mid_d,"mid $\varepsilon$, mid $d/R$",64.0,0.01995565131181387,0.01150077860802412,-1.9392727613449097,11.380168795585632,83.92897844314575,1,False
mid_E_mid_d,"mid $\varepsilon$, mid $d/R$",2.0,0.02765203394042693,0.02878447435796261,-1.5408416986465454,4.442732408642769,93.81582140922546,-1,True
mid_E_mid_d,"mid $\varepsilon$, mid $d/R$",4.0,0.02765203394042693,0.030967140570282936,-1.5090988874435425,4.103092476725578,94.73397731781006,0,True
mid_E_mid_d,"mid $\varepsilon$, mid $d/R$",8.0,0.02765203394042693,0.030376417562365532,-1.5174634456634521,4.2183224111795425,95.279061794281,0,True
mid_E_mid_d,"mid $\varepsilon$, mid $d/R$",16.0,0.02765203394042693,0.027057738974690437,-1.5677084922790527,5.774328485131264,92.5294280052185,0,False
mid_E_mid_d,"mid $\varepsilon$, mid $d/R$",32.0,0.02765203394042693,0.01911597140133381,-1.7186036109924316,8.980899304151535,87.1827483177185,1,False
mid_E_mid_d,"mid $\varepsilon$, mid $d/R$",64.0,0.02765203394042693,0.008480444550514221,-2.0715813636779785,13.997720181941986,80.24038076400757,1,False
mid_E_mid_d,"mid $\varepsilon$, mid $d/R$",2.0,0.03831671385187284,0.030137676745653152,-1.520890235900879,4.267352074384689,94.63188648223877,0,True
mid_E_mid_d,"mid $\varepsilon$, mid $d/R$",4.0,0.03831671385187284,0.031376831233501434,-1.503390908241272,4.215753823518753,95.32366394996643,0,True
mid_E_mid_d,"mid $\varepsilon$, mid $d/R$",8.0,0.03831671385187284,0.030144840478897095,-1.520787000656128,4.3337613344192505,95.40083408355713,0,True
mid_E_mid_d,"mid $\varepsilon$, mid $d/R$",16.0,0.03831671385187284,0.024794258177280426,-1.6056488752365112,6.728344410657883,90.6627357006073,1,False
mid_E_mid_d,"mid $\varepsilon$, mid $d/R$",32.0,0.03831671385187284,0.015070801600813866,-1.8218636512756348,10.988511145114899,85.01659035682678,1,False
mid_E_mid_d,"mid $\varepsilon$, mid $d/R$",64.0,0.03831671385187284,0.005708759184926748,-2.2434582710266113,17.791050672531128,74.78591799736023,1,False
mid_E_mid_d,"mid $\varepsilon$, mid $d/R$",2.0,0.053094487138606344,0.03099001571536064,-1.5087782144546509,4.067178815603256,95.02466917037964,0,True
mid_E_mid_d,"mid $\varepsilon$, mid $d/R$",4.0,0.053094487138606344,0.03121100552380085,-1.5056922435760498,4.396674036979675,94.38624382019043,0,True
mid_E_mid_d,"mid $\varepsilon$, mid $d/R$",8.0,0.053094487138606344,0.029292533174157143,-1.5332430601119995,4.919804632663727,93.59642267227173,1,True
mid_E_mid_d,"mid $\varepsilon$, mid $d/R$",16.0,0.053094487138606344,0.021542692556977272,-1.666700005531311,8.408810943365097,88.79699110984802,1,False
mid_E_mid_d,"mid $\varepsilon$, mid $d/R$",32.0,0.053094487138606344,0.011311782523989677,-1.9464689493179321,14.858205616474152,79.36007380485535,1,False
mid_E_mid_d,"mid $\varepsilon$, mid $d/R$",64.0,0.053094487138606344,0.0034370869398117065,-2.4638094902038574,23.373989760875702,69.91668939590454,1,False
mid_E_mid_d,"mid $\varepsilon$, mid $d/R$",2.0,0.07357166836930737,0.03116183541715145,-1.5063769817352295,3.741152212023735,96.07772827148438,0,True
mid_E_mid_d,"mid $\varepsilon$, mid $d/R$",4.0,0.07357166836930737,0.029522480443120003,-1.5298471450805664,5.1829904317855835,92.42342710494995,0,False
mid_E_mid_d,"mid $\varepsilon$, mid $d/R$",8.0,0.07357166836930737,0.02709203027188778,-1.5671584606170654,6.300267577171326,90.40100574493408,1,False
mid_E_mid_d,"mid $\varepsilon$, mid $d/R$",16.0,0.07357166836930737,0.01800401695072651,-1.7446305751800537,11.302387714385986,82.65944719314575,1,False
mid_E_mid_d,"mid $\varepsilon$, mid $d/R$",32.0,0.07357166836930737,0.00755431829020381,-2.121804714202881,20.008912682533264,72.46206998825073,1,False
mid_E_mid_d,"mid $\varepsilon$, mid $d/R$",64.0,0.07357166836930737,0.0018946053460240364,-2.7224812507629395,30.192142724990845,61.93183660507202,1,False
mid_E_mid_d,"mid $\varepsilon$, mid $d/R$",2.0,0.10194637293534692,0.030142607167363167,-1.5208191871643066,4.057685285806656,94.12901401519775,0,True
mid_E_mid_d,"mid $\varepsilon$, mid $d/R$",4.0,0.10194637293534692,0.02569037675857544,-1.5902295112609863,6.944292783737183,90.13193845748901,1,False
mid_E_mid_d,"mid $\varepsilon$, mid $d/R$",8.0,0.10194637293534692,0.022504335269331932,-1.6477338075637817,9.00903195142746,87.29578852653503,1,False
mid_E_mid_d,"mid $\varepsilon$, mid $d/R$",16.0,0.10194637293534692,0.012848748825490475,-1.8911391496658325,16.04636311531067,79.0880560874939,1,False
mid_E_mid_d,"mid $\varepsilon$, mid $d/R$",32.0,0.10194637293534692,0.004338033031672239,-2.3627071380615234,25.48723816871643,68.8717782497406,1,False
mid_E_mid_d,"mid $\varepsilon$, mid $d/R$",64.0,0.10194637293534692,0.0006705247797071934,-3.1735851764678955,35.738712549209595,60.316258668899536,1,False
mid_E_mid_d,"mid $\varepsilon$, mid $d/R$",2.0,0.14126447292866628,0.02758406102657318,-1.5593417882919312,5.181186273694038,92.2598659992218,0,False
mid_E_mid_d,"mid $\varepsilon$, mid $d/R$",4.0,0.14126447292866628,0.021609539166092873,-1.6653544902801514,7.919641584157944,88.86021375656128,1,False
mid_E_mid_d,"mid $\varepsilon$, mid $d/R$",8.0,0.14126447292866628,0.017720624804496765,-1.7515209913253784,11.512166261672974,82.1429967880249,1,False
mid_E_mid_d,"mid $\varepsilon$, mid $d/R$",16.0,0.14126447292866628,0.0088515505194664,-2.052980661392212,18.892239034175873,74.5345413684845,1,False
mid_E_mid_d,"mid $\varepsilon$, mid $d/R$",32.0,0.14126447292866628,0.0024313759058713913,-2.614147901535034,30.929061770439148,62.96551823616028,1,False
mid_E_mid_d,"mid $\varepsilon$, mid $d/R$",64.0,0.14126447292866628,0.0002453844645060599,-3.6101529598236084,39.13520574569702,52.89543867111206,1,False
mid_E_mid_d,"mid $\varepsilon$, mid $d/R$",2.0,0.19574655514688588,0.02458028867840767,-1.6094130277633667,5.902570858597755,91.45506024360657,0,False
mid_E_mid_d,"mid $\varepsilon$, mid $d/R$",4.0,0.19574655514688588,0.017579589039087296,-1.7549912929534912,9.098289906978607,87.24929094314575,1,False
mid_E_mid_d,"mid $\varepsilon$, mid $d/R$",8.0,0.19574655514688588,0.012407651171088219,-1.9063104391098022,16.00172519683838,78.19247841835022,1,False
mid_E_mid_d,"mid $\varepsilon$, mid $d/R$",16.0,0.19574655514688588,0.005334423389285803,-2.2729125022888184,23.401489853858948,70.43601274490356,1,False
mid_E_mid_d,"mid $\varepsilon$, mid $d/R$",32.0,0.19574655514688588,0.0010707795154303312,-2.9702999591827393,40.015992522239685,55.76218366622925,1,False
mid_E_mid_d,"mid $\varepsilon$, mid $d/R$",64.0,0.19574655514688588,6.301026587607339e-05,-4.200588703155518,53.327739238739014,42.3509806394577,1,False
mid_E_mid_d,"mid $\varepsilon$, mid $d/R$",2.0,0.27124097841090933,0.021419348195195198,-1.6691937446594238,6.885404884815216,90.00009298324585,1,False
mid_E_mid_d,"mid $\varepsilon$, mid $d/R$",4.0,0.27124097841090933,0.013811778277158737,-1.8597503900527954,10.937272757291794,84.53972935676575,1,False
mid_E_mid_d,"mid $\varepsilon$, mid $d/R$",8.0,0.27124097841090933,0.008005439303815365,-2.0966148376464844,19.49937790632248,74.25694465637207,1,False
mid_E_mid_d,"mid $\varepsilon$, mid $d/R$",16.0,0.27124097841090933,0.002927329856902361,-2.5335283279418945,29.02396023273468,64.41802382469177,1,False
mid_E_mid_d,"mid $\varepsilon$, mid $d/R$",32.0,0.27124097841090933,0.00030100689036771655,-3.521423578262329,49.36954379081726,46.058982610702515,1,False
mid_E_mid_d,"mid $\varepsilon$, mid $d/R$",64.0,0.27124097841090933,9.82667006610427e-06,-5.007593631744385,67.22306609153748,39.132824540138245,1,False
mid_E_mid_d,"mid $\varepsilon$, mid $d/R$",2.0,0.37585166346401383,0.0178978331387043,-1.747199535369873,8.850647509098053,87.20875978469849,1,False
mid_E_mid_d,"mid $\varepsilon$, mid $d/R$",4.0,0.37585166346401383,0.010209410451352596,-1.9909993410110474,12.85659372806549,83.01328420639038,1,False
mid_E_mid_d,"mid $\varepsilon$, mid $d/R$",8.0,0.37585166346401383,0.00476618018001318,-2.3218295574188232,23.422369360923767,69.58157420158386,1,False
mid_E_mid_d,"mid $\varepsilon$, mid $d/R$",16.0,0.37585166346401383,0.0013420950854197145,-2.8722167015075684,36.77627146244049,58.04239511489868,1,False
mid_E_mid_d,"mid $\varepsilon$, mid $d/R$",32.0,0.37585166346401383,5.9708643675548956e-05,-4.223962783813477,62.73712515830994,39.64956998825073,1,False
mid_E_mid_d,"mid $\varepsilon$, mid $d/R$",64.0,0.37585166346401383,1.2553143733384786e-06,-5.901247501373291,70.75820565223694,34.9420428276062,1,False
mid_E_mid_d,"mid $\varepsilon$, mid $d/R$",2.0,0.5208080053252924,0.01433073915541172,-1.84373140335083,11.16134226322174,83.83932113647461,1,False
mid_E_mid_d,"mid $\varepsilon$, mid $d/R$",4.0,0.5208080053252924,0.007386946585029364,-2.131535053253174,15.222576260566711,78.32056283950806,1,False
mid_E_mid_d,"mid $\varepsilon$, mid $d/R$",8.0,0.5208080053252924,0.002582383109256625,-2.587979316711426,27.908924221992493,64.60821032524109,1,False
mid_E_mid_d,"mid $\varepsilon$, mid $d/R$",16.0,0.5208080053252924,0.0004759604053106159,-3.3224291801452637,46.319934725761414,44.07162666320801,1,False
mid_E_mid_d,"mid $\varepsilon$, mid $d/R$",32.0,0.5208080053252924,8.808596248854883e-06,-5.055093288421631,70.33342719078064,36.85770630836487,1,False
mid_E_mid_d,"mid $\varepsilon$, mid $d/R$",64.0,0.5208080053252924,1.3997299674883834e-07,-6.8539557456970215,67.64858365058899,46.65580987930298,1,False
mid_E_mid_d,"mid $\varepsilon$, mid $d/R$",2.0,0.7216702885149785,0.01004732958972454,-1.9979493618011475,14.83350396156311,80.19835948944092,1,False
mid_E_mid_d,"mid $\varepsilon$, mid $d/R$",4.0,0.7216702885149785,0.004538290668278933,-2.3431077003479004,19.5717453956604,74.22608733177185,1,False
mid_E_mid_d,"mid $\varepsilon$, mid $d/R$",8.0,0.7216702885149785,0.0011843235697597265,-2.9265296459198,33.892643451690674,59.999799728393555,1,False
mid_E_mid_d,"mid $\varepsilon$, mid $d/R$",16.0,0.7216702885149785,0.00010076821490656585,-3.996676445007324,62.21276521682739,38.85074257850647,1,False
mid_E_mid_d,"mid $\varepsilon$, mid $d/R$",32.0,0.7216702885149785,1.2293078270886326e-06,-5.91033935546875,70.76798677444458,34.23520624637604,1,False
mid_E_mid_d,"mid $\varepsilon$, mid $d/R$",64.0,0.7216702885149785,1.576577268735946e-08,-7.8022847175598145,64.03346061706543,38.90987038612366,1,False
mid_E_mid_d,"mid $\varepsilon$, mid $d/R$",2.0,1.0,0.006518092472106218,-2.1858794689178467,16.505590081214905,79.13339138031006,1,False
mid_E_mid_d,"mid $\varepsilon$, mid $d/R$",4.0,1.0,0.002490028040483594,-2.6037957668304443,24.673224985599518,68.68778467178345,1,False
mid_E_mid_d,"mid $\varepsilon$, mid $d/R$",8.0,1.0,0.0005257426528260112,-3.279226779937744,37.710750102996826,57.31743574142456,1,False
mid_E_mid_d,"mid $\varepsilon$, mid $d/R$",16.0,1.0,2.7461848731036298e-05,-4.561270236968994,63.097113370895386,38.81096541881561,1,False
mid_E_mid_d,"mid $\varepsilon$, mid $d/R$",32.0,1.0,2.021863423351533e-07,-6.694248199462891,74.08215999603271,42.756104469299316,1,False
mid_E_mid_d,"mid $\varepsilon$, mid $d/R$",64.0,1.0,1.7703505328370284e-09,-8.751940727233887,66.13348126411438,34.926703572273254,1,False
high_E_mid_d,"high $\varepsilon$, mid $d/R$",2.0,0.00390625,0.0044308858923614025,-2.3535094261169434,6.576579809188843,91.93728566169739,-1,False
high_E_mid_d,"high $\varepsilon$, mid $d/R$",4.0,0.00390625,0.004713219590485096,-2.3266823291778564,7.891375571489334,90.82840085029602,-1,False
high_E_mid_d,"high $\varepsilon$, mid $d/R$",8.0,0.00390625,0.00582754984498024,-2.234513998031616,7.381467521190643,91.72650575637817,-1,False
high_E_mid_d,"high $\varepsilon$, mid $d/R$",16.0,0.00390625,0.008210576139390469,-2.0856263637542725,7.87370428442955,92.47313141822815,-1,False
high_E_mid_d,"high $\varepsilon$, mid $d/R$",32.0,0.00390625,0.011074787005782127,-1.9556646347045898,8.236390352249146,91.58594012260437,-1,False
high_E_mid_d,"high $\varepsilon$, mid $d/R$",64.0,0.00390625,0.021527128294110298,-1.6670138835906982,4.070735350251198,91.66886806488037,1,True
high_E_mid_d,"high $\varepsilon$, mid $d/R$",2.0,0.005412790386643338,0.004657703917473555,-2.3318281173706055,6.671621650457382,91.52701497077942,-1,False
high_E_mid_d,"high $\varepsilon$, mid $d/R$",4.0,0.005412790386643338,0.004999835975468159,-2.301044225692749,7.9957544803619385,90.49235582351685,-1,False
high_E_mid_d,"high $\varepsilon$, mid $d/R$",8.0,0.005412790386643338,0.006139899604022503,-2.211838722229004,7.526028901338577,91.28514528274536,-1,False
high_E_mid_d,"high $\varepsilon$, mid $d/R$",16.0,0.005412790386643338,0.008541081100702286,-2.0684871673583984,7.684154063463211,92.17865467071533,-1,False
high_E_mid_d,"high $\varepsilon$, mid $d/R$",32.0,0.005412790386643338,0.011286566965281963,-1.94743812084198,8.744572103023529,91.64479374885559,0,False
high_E_mid_d,"high $\varepsilon$, mid $d/R$",64.0,0.005412790386643338,0.02050267904996872,-1.6881893873214722,3.636731579899788,91.55101180076599,1,True
high_E_mid_d,"high $\varepsilon$, mid $d/R$",2.0,0.007500364741053073,0.00498934555798769,-2.3019564151763916,6.856866180896759,90.92912673950195,-1,False
high_E_mid_d,"high $\varepsilon$, mid $d/R$",4.0,0.007500364741053073,0.005489957053214312,-2.2604310512542725,8.28421413898468,89.53193426132202,-1,False
high_E_mid_d,"high $\varepsilon$, mid $d/R$",8.0,0.007500364741053073,0.006562564522027969,-2.1829264163970947,7.599811255931854,90.90796709060669,-1,False
high_E_mid_d,"high $\varepsilon$, mid $d/R$",16.0,0.007500364741053073,0.008922399021685123,-2.049518346786499,7.744614779949188,92.17410087585449,-1,False
high_E_mid_d,"high $\varepsilon$, mid $d/R$",32.0,0.007500364741053073,0.011444859206676483,-1.941389560699463,9.144514054059982,91.63278937339783,0,False
high_E_mid_d,"high $\varepsilon$, mid $d/R$",64.0,0.007500364741053073,0.01846744865179062,-1.7335931062698364,4.49230894446373,90.73909521102905,1,True
high_E_mid_d,"high $\varepsilon$, mid $d/R$",2.0,0.010393062954672825,0.00550958514213562,-2.258881092071533,7.3715731501579285,89.81722593307495,-1,False
high_E_mid_d,"high $\varepsilon$, mid $d/R$",4.0,0.010393062954672825,0.0062500592321157455,-2.204115867614746,8.766601234674454,88.2882297039032,-1,False
high_E_mid_d,"high $\varepsilon$, mid $d/R$",8.0,0.010393062954672825,0.007286936976015568,-2.1374549865722656,7.655293494462967,89.75856304168701,-1,False
high_E_mid_d,"high $\varepsilon$, mid $d/R$",16.0,0.010393062954672825,0.009481670334935188,-2.0231151580810547,8.238266408443451,90.7197654247284,0,False
high_E_mid_d,"high $\varepsilon$, mid $d/R$",32.0,0.010393062954672825,0.011481487192213535,-1.9400018453598022,9.552616626024246,91.31860136985779,0,False
high_E_mid_d,"high $\varepsilon$, mid $d/R$",64.0,0.010393062954672825,0.015193469822406769,-1.8183430433273315,7.021822035312653,88.08711767196655,1,False
high_E_mid_d,"high $\varepsilon$, mid $d/R$",2.0,0.014401400639701026,0.006247191224247217,-2.204315185546875,7.530727237462997,89.94003534317017,-1,False
high_E_mid_d,"high $\varepsilon$, mid $d/R$",4.0,0.014401400639701026,0.007271288428455591,-2.1383886337280273,8.76220390200615,87.94342279434204,-1,False
high_E_mid_d,"high $\varepsilon$, mid $d/R$",8.0,0.014401400639701026,0.008332354947924614,-2.0792322158813477,7.924317568540573,89.35811519622803,-1,False
high_E_mid_d,"high $\varepsilon$, mid $d/R$",16.0,0.014401400639701026,0.010293240658938885,-1.9874478578567505,8.237866312265396,90.70196747779846,-1,False
high_E_mid_d,"high $\varepsilon$, mid $d/R$",32.0,0.014401400639701026,0.011525406502187252,-1.9383437633514404,9.353657811880112,90.31698107719421,0,False
high_E_mid_d,"high $\varepsilon$, mid $d/R$",64.0,0.014401400639701026,0.011016767472028732,-1.9579458236694336,9.072323888540268,88.3459746837616,1,False
high_E_mid_d,"high $\varepsilon$, mid $d/R$",2.0,0.01995565131181387,0.00675832387059927,-2.170161008834839,7.709891349077225,90.54238796234131,-1,False
high_E_mid_d,"high $\varepsilon$, mid $d/R$",4.0,0.01995565131181387,0.008219379000365734,-2.085160970687866,8.600526303052902,88.99989128112793,-1,False
high_E_mid_d,"high $\varepsilon$, mid $d/R$",8.0,0.01995565131181387,0.009142672643065453,-2.038926839828491,8.078809082508087,90.18625020980835,-1,False
high_E_mid_d,"high $\varepsilon$, mid $d/R$",16.0,0.01995565131181387,0.01064669992774725,-1.9727849960327148,8.060884475708008,91.80645942687988,0,False
high_E_mid_d,"high $\varepsilon$, mid $d/R$",32.0,0.01995565131181387,0.010718533769249916,-1.9698646068572998,9.861382097005844,88.42730522155762,0,False
high_E_mid_d,"high $\varepsilon$, mid $d/R$",64.0,0.01995565131181387,0.00751109654083848,-2.1242966651916504,11.716064810752869,83.54266881942749,1,False
high_E_mid_d,"high $\varepsilon$, mid $d/R$",2.0,0.02765203394042693,0.007244632113724947,-2.139983654022217,7.875244319438934,90.49081206321716,-1,False
high_E_mid_d,"high $\varepsilon$, mid $d/R$",4.0,0.02765203394042693,0.009135262109339237,-2.039278984069824,8.982275426387787,88.94655108451843,-1,False
high_E_mid_d,"high $\varepsilon$, mid $d/R$",8.0,0.02765203394042693,0.010105373337864876,-1.9954476356506348,8.626046031713486,89.49817419052124,0,False
high_E_mid_d,"high $\varepsilon$, mid $d/R$",16.0,0.02765203394042693,0.010886902920901775,-1.9630956649780273,8.150246739387512,91.83069467544556,0,False
high_E_mid_d,"high $\varepsilon$, mid $d/R$",32.0,0.02765203394042693,0.00939454697072506,-2.0271241664886475,9.800516068935394,86.78269982337952,1,False
high_E_mid_d,"high $\varepsilon$, mid $d/R$",64.0,0.02765203394042693,0.004663519561290741,-2.3312861919403076,16.370439529418945,77.95231342315674,1,False
high_E_mid_d,"high $\varepsilon$, mid $d/R$",2.0,0.03831671385187284,0.0075881932862102985,-2.119861602783203,8.013058453798294,90.96763134002686,-1,False
high_E_mid_d,"high $\varepsilon$, mid $d/R$",4.0,0.03831671385187284,0.009854842908680439,-2.00635027885437,9.139434248209,89.2592191696167,-1,False
high_E_mid_d,"high $\varepsilon$, mid $d/R$",8.0,0.03831671385187284,0.0109450314193964,-1.9607830047607422,9.42847654223442,89.92891311645508,0,False
high_E_mid_d,"high $\varepsilon$, mid $d/R$",16.0,0.03831671385187284,0.01060120202600956,-1.9746448993682861,9.135445952415466,90.58225750923157,0,False
high_E_mid_d,"high $\varepsilon$, mid $d/R$",32.0,0.03831671385187284,0.007729920092970133,-2.1118249893188477,11.383375525474548,84.07384753227234,1,False
high_E_mid_d,"high $\varepsilon$, mid $d/R$",64.0,0.03831671385187284,0.0028784957248717546,-2.540834426879883,20.99073827266693,71.34252786636353,1,False
high_E_mid_d,"high $\varepsilon$, mid $d/R$",2.0,0.053094487138606344,0.007801075000315905,-2.1078455448150635,7.970471680164337,91.26214385032654,-1,False
high_E_mid_d,"high $\varepsilon$, mid $d/R$",4.0,0.053094487138606344,0.01023074984550476,-1.9900925159454346,9.409603476524353,90.36010503768921,-1,False
high_E_mid_d,"high $\varepsilon$, mid $d/R$",8.0,0.053094487138606344,0.011437315493822098,-1.9416759014129639,10.595908015966415,89.996999502182,0,False
high_E_mid_d,"high $\varepsilon$, mid $d/R$",16.0,0.053094487138606344,0.010061816312372684,-1.9973236322402954,10.832887887954712,86.43212914466858,1,False
high_E_mid_d,"high $\varepsilon$, mid $d/R$",32.0,0.053094487138606344,0.005888225976377726,-2.230015516281128,16.010235249996185,77.31325030326843,1,False
high_E_mid_d,"high $\varepsilon$, mid $d/R$",64.0,0.053094487138606344,0.0016508708940818906,-2.7822868824005127,27.471566200256348,64.04604911804199,1,False
high_E_mid_d,"high $\varepsilon$, mid $d/R$",2.0,0.07357166836930737,0.007875850424170494,-2.1037025451660156,7.847259193658829,92.16944575309753,-1,False
high_E_mid_d,"high $\varepsilon$, mid $d/R$",4.0,0.07357166836930737,0.009956194087862968,-2.001906633377075,9.91760790348053,88.15325498580933,0,False
high_E_mid_d,"high $\varepsilon$, mid $d/R$",8.0,0.07357166836930737,0.011668400838971138,-1.9329886436462402,11.250942945480347,87.97249794006348,0,False
high_E_mid_d,"high $\varepsilon$, mid $d/R$",16.0,0.07357166836930737,0.008702486753463745,-2.060356616973877,14.200621843338013,81.27972483634949,1,False
high_E_mid_d,"high $\varepsilon$, mid $d/R$",32.0,0.07357166836930737,0.003754588309675455,-2.4254376888275146,22.176213562488556,70.52364945411682,1,False
high_E_mid_d,"high $\varepsilon$, mid $d/R$",64.0,0.07357166836930737,0.0007651622290723026,-3.116246461868286,36.074280738830566,54.30838465690613,1,False
high_E_mid_d,"high $\varepsilon$, mid $d/R$",2.0,0.10194637293534692,0.007793211843818426,-2.108283519744873,8.277902007102966,91.06081128120422,0,False
high_E_mid_d,"high $\varepsilon$, mid $d/R$",4.0,0.10194637293534692,0.009019407443702221,-2.0448219776153564,10.087773203849792,88.3934736251831,0,False
high_E_mid_d,"high $\varepsilon$, mid $d/R$",8.0,0.10194637293534692,0.010638844221830368,-1.973105549812317,12.493930757045746,83.78000855445862,1,False
high_E_mid_d,"high $\varepsilon$, mid $d/R$",16.0,0.10194637293534692,0.006557864602655172,-2.1832375526428223,18.047747015953064,75.94377994537354,1,False
high_E_mid_d,"high $\varepsilon$, mid $d/R$",32.0,0.10194637293534692,0.002068261383101344,-2.684394598007202,28.64212989807129,64.25259113311768,1,False
high_E_mid_d,"high $\varepsilon$, mid $d/R$",64.0,0.10194637293534692,0.00027309838333167136,-3.56368088722229,44.6191281080246,54.79400157928467,1,False
high_E_mid_d,"high $\varepsilon$, mid $d/R$",2.0,0.14126447292866628,0.0074256290681660175,-2.1292667388916016,9.419122338294983,89.08821940422058,0,False
high_E_mid_d,"high $\varepsilon$, mid $d/R$",4.0,0.14126447292866628,0.008076109923422337,-2.0927977561950684,10.53900197148323,87.11894154548645,0,False
high_E_mid_d,"high $\varepsilon$, mid $d/R$",8.0,0.14126447292866628,0.008586999960243702,-2.0661585330963135,14.32913988828659,80.87890148162842,1,False
high_E_mid_d,"high $\varepsilon$, mid $d/R$",16.0,0.14126447292866628,0.0044040135107934475,-2.3561513423919678,22.267378866672516,70.48599123954773,1,False
high_E_mid_d,"high $\varepsilon$, mid $d/R$",32.0,0.14126447292866628,0.0009971581166610122,-3.0012359619140625,37.20231056213379,54.029059410095215,1,False
high_E_mid_d,"high $\varepsilon$, mid $d/R$",64.0,0.14126447292866628,0.00010355249105487019,-3.98483943939209,41.68154001235962,58.122360706329346,1,False
high_E_mid_d,"high $\varepsilon$, mid $d/R$",2.0,0.19574655514688588,0.006804953794926405,-2.167174816131592,10.541345924139023,88.52881789207458,0,False
high_E_mid_d,"high $\varepsilon$, mid $d/R$",4.0,0.19574655514688588,0.006952979601919651,-2.1578290462493896,11.37949824333191,85.61878204345703,1,False
high_E_mid_d,"high $\varepsilon$, mid $d/R$",8.0,0.19574655514688588,0.00624830974265933,-2.204237461090088,17.529292404651642,76.38301253318787,1,False
high_E_mid_d,"high $\varepsilon$, mid $d/R$",16.0,0.19574655514688588,0.0024167124647647142,-2.6167750358581543,30.115845799446106,59.58601236343384,1,False
high_E_mid_d,"high $\varepsilon$, mid $d/R$",32.0,0.19574655514688588,0.00035452868905849755,-3.4503486156463623,45.704784989356995,51.43405795097351,1,False
high_E_mid_d,"high $\varepsilon$, mid $d/R$",64.0,0.19574655514688588,3.2753545383457094e-05,-4.484741687774658,45.07168233394623,56.6101610660553,1,False
high_E_mid_d,"high $\varepsilon$, mid $d/R$",2.0,0.27124097841090933,0.006238842383027077,-2.2048959732055664,11.923079937696457,85.56098341941833,0,False
high_E_mid_d,"high $\varepsilon$, mid $d/R$",4.0,0.27124097841090933,0.005714688915759325,-2.2430074214935303,13.39680403470993,82.48344659805298,1,False
high_E_mid_d,"high $\varepsilon$, mid $d/R$",8.0,0.27124097841090933,0.004074226599186659,-2.3899548053741455,21.871963143348694,70.14294266700745,1,False
high_E_mid_d,"high $\varepsilon$, mid $d/R$",16.0,0.27124097841090933,0.0009496266138739884,-3.022447109222412,40.57350754737854,55.87053894996643,1,False
high_E_mid_d,"high $\varepsilon$, mid $d/R$",32.0,0.27124097841090933,0.00010126120469067246,-3.9945569038391113,52.79364585876465,45.999398827552795,1,False
high_E_mid_d,"high $\varepsilon$, mid $d/R$",64.0,0.27124097841090933,8.614824764663354e-06,-5.064753532409668,43.16584765911102,58.448487520217896,1,False
high_E_mid_d,"high $\varepsilon$, mid $d/R$",2.0,0.37585166346401383,0.005424765404313803,-2.2656190395355225,13.622908294200897,84.14204120635986,0,False
high_E_mid_d,"high $\varepsilon$, mid $d/R$",4.0,0.37585166346401383,0.004465461242944002,-2.3501336574554443,15.139725804328918,80.0264060497284,1,False
high_E_mid_d,"high $\varepsilon$, mid $d/R$",8.0,0.37585166346401383,0.0023603015579283237,-2.627032518386841,25.958597660064697,67.07087755203247,1,False
high_E_mid_d,"high $\varepsilon$, mid $d/R$",16.0,0.37585166346401383,0.00036215412546880543,-3.4411065578460693,41.02800488471985,53.488898277282715,1,False
high_E_mid_d,"high $\varepsilon$, mid $d/R$",32.0,0.37585166346401383,2.494654108886607e-05,-4.602989673614502,53.900569677352905,44.66012716293335,1,False
high_E_mid_d,"high $\varepsilon$, mid $d/R$",64.0,0.37585166346401383,2.2224710392038105e-06,-5.653163909912109,40.21817147731781,64.83670473098755,1,False
high_E_mid_d,"high $\varepsilon$, mid $d/R$",2.0,0.5208080053252924,0.004522239323705435,-2.344646453857422,15.625828504562378,79.42699790000916,1,False
high_E_mid_d,"high $\varepsilon$, mid $d/R$",4.0,0.5208080053252924,0.0032515411730855703,-2.487910747528076,18.80120486021042,74.11134839057922,1,False
high_E_mid_d,"high $\varepsilon$, mid $d/R$",8.0,0.5208080053252924,0.0012692365562543273,-2.8964574337005615,29.910138249397278,62.716370820999146,1,False
high_E_mid_d,"high $\varepsilon$, mid $d/R$",16.0,0.5208080053252924,0.00013808294897899032,-3.8598599433898926,48.07869791984558,45.05933225154877,1,False
high_E_mid_d,"high $\varepsilon$, mid $d/R$",32.0,0.5208080053252924,5.312394478096394e-06,-5.274709701538086,62.31819987297058,40.75325131416321,1,False
high_E_mid_d,"high $\varepsilon$, mid $d/R$",64.0,0.5208080053252924,5.8341407793705e-07,-6.234023094177246,44.08657252788544,49.747323989868164,1,False
high_E_mid_d,"high $\varepsilon$, mid $d/R$",2.0,0.7216702885149785,0.003233459312468767,-2.49033260345459,17.534765601158142,76.98686718940735,1,False
high_E_mid_d,"high $\varepsilon$, mid $d/R$",4.0,0.7216702885149785,0.0018295352347195148,-2.737659215927124,26.711878180503845,64.89554047584534,1,False
high_E_mid_d,"high $\varepsilon$, mid $d/R$",8.0,0.7216702885149785,0.0005437663639895618,-3.264587640762329,38.503843545913696,51.55256390571594,1,False
high_E_mid_d,"high $\varepsilon$, mid $d/R$",16.0,0.7216702885149785,3.581706550903618e-05,-4.4459099769592285,62.226128578186035,39.597710967063904,1,False
high_E_mid_d,"high $\varepsilon$, mid $d/R$",32.0,0.7216702885149785,8.273791536339559e-07,-6.0822954177856445,69.0905511379242,40.87410867214203,1,False
high_E_mid_d,"high $\varepsilon$, mid $d/R$",64.0,0.7216702885149785,7.74210917597884e-08,-7.111140727996826,56.36833906173706,39.849889278411865,1,False
high_E_mid_d,"high $\varepsilon$, mid $d/R$",2.0,1.0,0.0021148808300495148,-2.6747140884399414,23.907679319381714,63.52503299713135,1,False
high_E_mid_d,"high $\varepsilon$, mid $d/R$",4.0,1.0,0.0008497436065226793,-3.070712089538574,28.82985770702362,64.14439082145691,1,False
high_E_mid_d,"high $\varepsilon$, mid $d/R$",8.0,1.0,0.0001753806136548519,-3.7560184001922607,45.70406675338745,49.83689785003662,1,False
high_E_mid_d,"high $\varepsilon$, mid $d/R$",16.0,1.0,9.247420166502707e-06,-5.033979415893555,65.89018106460571,38.85901868343353,1,False
high_E_mid_d,"high $\varepsilon$, mid $d/R$",32.0,1.0,1.6503933863987186e-07,-6.782412528991699,63.90480399131775,44.29144859313965,1,False
high_E_mid_d,"high $\varepsilon$, mid $d/R$",64.0,1.0,8.204623647145581e-09,-8.085941314697266,64.23186659812927,38.82388174533844,1,False
